{"loss": [1.3694720268249512, 0.9760629534721375, 0.9649304151535034, 0.9632896184921265, 0.9650596380233765, 0.9669449925422668, 0.9630181789398193, 0.9624754786491394, 0.9658298492431641, 0.9636853933334351, 0.9678635597229004, 0.9658505320549011, 0.9668270945549011, 0.963082492351532, 0.9630261063575745, 0.9640772342681885, 0.9646961688995361, 0.966086745262146, 0.9659206867218018, 0.965333878993988], "mse": [1.3727256059646606, 0.9822940826416016, 0.9718440771102905, 0.9705222845077515, 0.9720051288604736, 0.9734700322151184, 0.9702647924423218, 0.9697613716125488, 0.9724669456481934, 0.9708059430122375, 0.9742942452430725, 0.9726281762123108, 0.9736281037330627, 0.9702339768409729, 0.9701955914497375, 0.9710726141929626, 0.9716958403587341, 0.97283935546875, 0.9726736545562744, 0.9721010327339172], "cosine_similarity": [0.03253571689128876, 0.06231283023953438, 0.06913473457098007, 0.07232678681612015, 0.0694536343216896, 0.06525056809186935, 0.0724664032459259, 0.0728575587272644, 0.06637215614318848, 0.07120490819215775, 0.06430642306804657, 0.06777497380971909, 0.06801014393568039, 0.071514792740345, 0.07169660180807114, 0.06995359063148499, 0.06999741494655609, 0.06752657890319824, 0.06752963364124298, 0.06767265498638153], "mae": [0.9309807419776917, 0.7820440530776978, 0.777657687664032, 0.7771473526954651, 0.7776179909706116, 0.7783112525939941, 0.777047336101532, 0.7767595648765564, 0.7779431343078613, 0.7771491408348083, 0.7785630226135254, 0.7779397368431091, 0.7784295082092285, 0.7769544124603271, 0.7769529223442078, 0.777385950088501, 0.7775236964225769, 0.7780571579933167, 0.7779178023338318, 0.7777297496795654], "val_loss": [0.12187869846820831, 0.07936438918113708, 0.06989116966724396, 0.07382894307374954, 0.0726332813501358, 0.07206490635871887, 0.07008352130651474, 0.07103576511144638, 0.06976981461048126, 0.07134325802326202, 0.07178749889135361, 0.0708213746547699, 0.0765591561794281, 0.07053198665380478, 0.0705321654677391, 0.07545070350170135, 0.07114469259977341, 0.07002699375152588, 0.07630804926156998, 0.07245686650276184], "val_mse": [0.12507443130016327, 0.09451690316200256, 0.08606784790754318, 0.08762689679861069, 0.08756545931100845, 0.08639437705278397, 0.08672909438610077, 0.08756672590970993, 0.08692429214715958, 0.08800357580184937, 0.0887627974152565, 0.0876459851861, 0.08833567798137665, 0.08676218241453171, 0.08741125464439392, 0.09200746566057205, 0.088274285197258, 0.085670106112957, 0.08833441138267517, 0.08929459750652313], "val_cosine_similarity": [0.0319572389125824, 0.15152519941329956, 0.16176661849021912, 0.13797958195209503, 0.1493217647075653, 0.1432947963476181, 0.1664557307958603, 0.16530971229076385, 0.17154477536678314, 0.16660331189632416, 0.1697530299425125, 0.16824619472026825, 0.11776525527238846, 0.16230186820030212, 0.16879090666770935, 0.16556765139102936, 0.1712959259748459, 0.1564311534166336, 0.12026353925466537, 0.16837731003761292], "val_mae": [0.2732987701892853, 0.2323102205991745, 0.21848492324352264, 0.22059370577335358, 0.2210332453250885, 0.2189357429742813, 0.21933956444263458, 0.2211795300245285, 0.21974128484725952, 0.22205568850040436, 0.2234324812889099, 0.22060245275497437, 0.2219078242778778, 0.21907685697078705, 0.22071532905101776, 0.2276662439107895, 0.2224239856004715, 0.2173893004655838, 0.222035750746727, 0.22315452992916107]}