{"loss": [1.0029103755950928, 1.0022414922714233, 1.0002796649932861, 0.9981292486190796, 0.9967135190963745, 0.9942008256912231, 0.9913614392280579, 0.9911798238754272, 0.9826706647872925, 0.9743903279304504, 0.9686803817749023, 0.9643367528915405, 0.9462987780570984, 0.9488126039505005, 0.9390310049057007, 0.9305953979492188, 0.9250922203063965, 0.9247092008590698, 0.9297246932983398, 0.9074434041976929, 0.9040249586105347, 0.910622775554657, 0.8911476135253906, 0.8992762565612793, 0.8909978866577148, 0.8829534649848938, 0.8902689218521118, 0.8803730010986328, 0.8715451955795288, 0.8727177381515503, 0.8597949743270874, 0.8716913461685181, 0.8613029718399048, 0.8515316247940063, 0.8491376638412476, 0.8431320190429688, 0.845553994178772, 0.8351820111274719, 0.8436958193778992, 0.8305336236953735], "mse": [1.0013184547424316, 1.0013879537582397, 1.000880479812622, 1.000295877456665, 0.9999210238456726, 0.9991032481193542, 0.9981220960617065, 0.9975536465644836, 0.9943337440490723, 0.989467978477478, 0.9847328066825867, 0.9810804128646851, 0.9676693677902222, 0.9673135876655579, 0.9596124887466431, 0.9523330926895142, 0.948372483253479, 0.9474669694900513, 0.9504860043525696, 0.9330812692642212, 0.9299682378768921, 0.9349498748779297, 0.9195871353149414, 0.9258302450180054, 0.9184383153915405, 0.9123727679252625, 0.9182637929916382, 0.9099594354629517, 0.903034508228302, 0.9035454988479614, 0.89207524061203, 0.9029245376586914, 0.8936664462089539, 0.884975254535675, 0.8827673196792603, 0.8770170211791992, 0.8793070912361145, 0.8700662851333618, 0.8779045343399048, 0.8659685254096985], "cosine_similarity": [-0.015920137986540794, -0.008535065688192844, 0.006008113734424114, 0.02166704460978508, 0.032074350863695145, 0.04902539774775505, 0.06760628521442413, 0.06373729556798935, 0.11663051694631577, 0.15077698230743408, 0.16052445769309998, 0.16743618249893188, 0.21370497345924377, 0.18500980734825134, 0.20581293106079102, 0.21737632155418396, 0.23280271887779236, 0.2275775969028473, 0.20761248469352722, 0.25637751817703247, 0.2594316601753235, 0.24327099323272705, 0.2843959927558899, 0.2655404210090637, 0.2744039297103882, 0.2941931188106537, 0.27994927763938904, 0.29586344957351685, 0.3148931562900543, 0.3082774579524994, 0.3228033781051636, 0.3123316168785095, 0.3236350417137146, 0.33443668484687805, 0.33629685640335083, 0.33885034918785095, 0.33753126859664917, 0.34884172677993774, 0.34208792448043823, 0.3543495237827301], "mae": [0.7902633547782898, 0.7901178598403931, 0.7896963953971863, 0.7894178628921509, 0.7892557978630066, 0.7888857126235962, 0.7883720993995667, 0.7881601452827454, 0.7867359519004822, 0.784587025642395, 0.7827295660972595, 0.7801698446273804, 0.7748668789863586, 0.7743024826049805, 0.7697916030883789, 0.7686694860458374, 0.7654572129249573, 0.7653797268867493, 0.7676298022270203, 0.7594345808029175, 0.7574981451034546, 0.7603397369384766, 0.7541865110397339, 0.7576823234558105, 0.7544034719467163, 0.7506362795829773, 0.7533975839614868, 0.7492619156837463, 0.7471894025802612, 0.7474213242530823, 0.7412188649177551, 0.7465658187866211, 0.7427288293838501, 0.7394410967826843, 0.7381215691566467, 0.7363537549972534, 0.7372085452079773, 0.732965350151062, 0.736367404460907, 0.7319825887680054], "pearson": [-0.0005360603099688888, 0.0006546398508362472, 0.0030301138758659363, 0.0024649444967508316, 0.005566834472119808, 0.007522516883909702, -0.0038626696914434433, -0.0012548781232908368, 0.0025706563610583544, 0.0015460936119779944, 0.0030912826769053936, 0.0018456096295267344, 0.0032536229118704796, 0.002370676025748253, 0.000614698976278305, 0.0022343036253005266, -0.001009157276712358, 0.0008421505335718393, -0.0009202150395140052, 0.0012060535373166203, 0.001643654191866517, 0.001580511569045484, 0.002998958108946681, 0.0018242050427943468, 0.004242075141519308, 0.004537501838058233, 0.004449475556612015, 0.0032987860031425953, 0.0052234637551009655, 0.0031486295629292727, 0.007397330831736326, 0.004343746695667505, 0.008252051658928394, 0.008117832243442535, 0.006587195210158825, 0.010027860291302204, 0.0065893023274838924, 0.009770475327968597, 0.008693184703588486, 0.011663524433970451], "val_loss": [1.0837265253067017, 1.0829660892486572, 1.0812656879425049, 1.0790048837661743, 1.0775344371795654, 1.072021484375, 1.0679962635040283, 1.0645488500595093, 1.0563740730285645, 1.0566647052764893, 1.0388967990875244, 1.0325696468353271, 1.037820816040039, 1.021644949913025, 1.018425703048706, 1.0153167247772217, 1.0334070920944214, 1.018250823020935, 1.009090781211853, 1.0052980184555054, 0.9931804537773132, 1.0003440380096436, 1.005567193031311, 0.999106228351593, 0.9877998232841492, 0.9875558614730835, 0.9954522848129272, 0.994795024394989, 0.9992353320121765, 0.9964871406555176, 1.0049198865890503, 0.996655285358429, 0.9956947565078735, 0.9928594827651978, 0.9974010586738586, 1.003922462463379, 1.0061686038970947, 1.0157825946807861, 1.0050681829452515, 1.0080115795135498], "val_mse": [1.0842746496200562, 1.0840003490447998, 1.0834492444992065, 1.0827410221099854, 1.082253336906433, 1.08036208152771, 1.078575849533081, 1.0767605304718018, 1.07192862033844, 1.0701020956039429, 1.0592728853225708, 1.0524365901947021, 1.0526189804077148, 1.0415520668029785, 1.0379536151885986, 1.0353978872299194, 1.051145315170288, 1.0370612144470215, 1.029656171798706, 1.0266785621643066, 1.0163700580596924, 1.0232751369476318, 1.0275827646255493, 1.0223228931427002, 1.0123056173324585, 1.0121791362762451, 1.0190434455871582, 1.0179942846298218, 1.021437406539917, 1.0197376012802124, 1.0277167558670044, 1.0200812816619873, 1.019545316696167, 1.0171172618865967, 1.021503210067749, 1.0275853872299194, 1.0295114517211914, 1.0382596254348755, 1.0286214351654053, 1.0314044952392578], "val_cosine_similarity": [0.005481025669723749, 0.010343915782868862, 0.021834738552570343, 0.03736003115773201, 0.04718766361474991, 0.08340655267238617, 0.10579623281955719, 0.12211520969867706, 0.15554659068584442, 0.1343739926815033, 0.20376119017601013, 0.19866910576820374, 0.14798158407211304, 0.1990712583065033, 0.19527801871299744, 0.2008119821548462, 0.1773834228515625, 0.1881038248538971, 0.205653578042984, 0.21380528807640076, 0.23189504444599152, 0.22931058704853058, 0.22015611827373505, 0.23216767609119415, 0.24505726993083954, 0.24623234570026398, 0.23591068387031555, 0.23199203610420227, 0.2220219373703003, 0.23250439763069153, 0.22796854376792908, 0.2342604696750641, 0.2385074347257614, 0.24257881939411163, 0.24102003872394562, 0.2366292029619217, 0.23342856764793396, 0.22477009892463684, 0.23553216457366943, 0.23392924666404724], "val_mae": [0.8235443234443665, 0.8233617544174194, 0.8231064081192017, 0.8228462338447571, 0.8226486444473267, 0.8219078779220581, 0.8212480545043945, 0.8205763101577759, 0.8185326457023621, 0.8180809020996094, 0.8132840991020203, 0.8101741075515747, 0.8114693760871887, 0.8059834241867065, 0.8045511245727539, 0.8030994534492493, 0.8084092140197754, 0.8047264218330383, 0.8004237413406372, 0.7981414794921875, 0.7939174771308899, 0.7974115610122681, 0.8000966906547546, 0.7974135279655457, 0.7923141717910767, 0.7917602062225342, 0.7950202226638794, 0.7952224016189575, 0.7973162531852722, 0.7958863973617554, 0.7985450029373169, 0.7967225313186646, 0.7951063513755798, 0.7941392064094543, 0.7960339188575745, 0.7984612584114075, 0.7992600202560425, 0.8027677536010742, 0.79896080493927, 0.7995895147323608],