{"loss": [1.0099107027053833, 1.003921627998352, 1.0025250911712646, 1.0007884502410889, 1.000335454940796, 0.999761700630188, 0.9985188245773315, 0.997958779335022, 0.9959224462509155, 0.9881499409675598, 0.9971181750297546, 0.9811967611312866, 0.979686439037323, 0.9713857769966125, 0.9777914881706238, 0.9677093625068665, 0.9675548672676086, 0.9520297050476074, 0.9706022143363953, 0.974851131439209, 0.9587010145187378, 0.9642587900161743, 0.9563651084899902, 0.9612218141555786, 0.9691889882087708, 0.9567165374755859, 0.9592016935348511, 0.9526854753494263, 0.961372971534729, 0.9609798192977905, 0.9593207240104675, 0.953353762626648, 0.9617632627487183, 0.9634053111076355, 0.9574512243270874, 0.9710753560066223, 0.9597787857055664, 0.9560161828994751, 0.962157130241394, 0.9615445137023926, 0.954409122467041, 0.9601078033447266, 0.9502614140510559, 0.9494291543960571, 0.9612892270088196, 0.9515083432197571, 0.9450427889823914, 0.9568630456924438, 0.9509451985359192, 0.9562808275222778, 0.9564834833145142, 0.9572324752807617, 0.9539311528205872, 0.9528641700744629, 0.9572607278823853, 0.9583462476730347, 0.9635891914367676, 0.9522894024848938, 0.9569333791732788, 0.955751895904541, 0.956851601600647, 0.959382176399231, 0.9469457864761353, 0.9571304321289062, 0.9618127942085266, 0.9490529894828796, 0.9572245478630066, 0.9569117426872253, 0.9545448422431946, 0.9419825673103333, 0.949546217918396, 0.9500916600227356, 0.9522902369499207, 0.9445425271987915, 0.9465785026550293, 0.9606181383132935, 0.9455722570419312, 0.9392797350883484, 0.9527859687805176, 0.9406522512435913, 0.936780571937561, 0.9508878588676453, 0.9418337941169739, 0.9527120590209961, 0.9531658887863159, 0.9543816447257996, 0.9444710612297058, 0.9476991891860962, 0.9425758123397827, 0.9420042037963867, 0.9555609822273254, 0.9384450912475586, 0.942200779914856, 0.9413825273513794, 0.9446613192558289, 0.9451505541801453, 0.9441950917243958, 0.9425546526908875, 0.9514189958572388, 0.9362685084342957], "mse": [1.0043081045150757, 1.0018231868743896, 1.0011420249938965, 1.0009032487869263, 1.0008748769760132, 1.000552773475647, 1.00032377243042, 1.000196099281311, 1.0001938343048096, 0.995563805103302, 0.9997440576553345, 0.9901874661445618, 0.9880282282829285, 0.9834436178207397, 0.9871590733528137, 0.9803546667098999, 0.9790760278701782, 0.9687402844429016, 0.982709527015686, 0.9838932156562805, 0.9723166227340698, 0.9772130846977234, 0.9716715812683105, 0.973916232585907, 0.9823800325393677, 0.9718254804611206, 0.974146842956543, 0.9687168002128601, 0.9739303588867188, 0.9741477966308594, 0.9724549055099487, 0.969504714012146, 0.9750868082046509, 0.9761343002319336, 0.972343921661377, 0.9824082255363464, 0.9749900698661804, 0.9711517095565796, 0.9758464097976685, 0.9757130742073059, 0.9682977795600891, 0.974118709564209, 0.9676553010940552, 0.9659847021102905, 0.9752892255783081, 0.9674528241157532, 0.9626585245132446, 0.9718068838119507, 0.9674654006958008, 0.971710205078125, 0.9709437489509583, 0.9724825024604797, 0.968927264213562, 0.969752311706543, 0.9705290794372559, 0.971369743347168, 0.976218581199646, 0.9674541354179382, 0.9719474911689758, 0.9712678790092468, 0.9720230102539062, 0.9739872217178345, 0.9641196131706238, 0.9723997116088867, 0.9754899144172668, 0.9656268358230591, 0.9721425175666809, 0.9724678993225098, 0.9705087542533875, 0.9609734416007996, 0.9659638404846191, 0.9665543437004089, 0.9677847027778625, 0.9622697830200195, 0.9647029042243958, 0.9749740362167358, 0.9626696705818176, 0.9581950306892395, 0.9694131016731262, 0.9598249197006226, 0.9569826126098633, 0.9674398303031921, 0.9600855708122253, 0.9676376581192017, 0.968814492225647, 0.9682515859603882, 0.9633060693740845, 0.9654752016067505, 0.9604083895683289, 0.960250973701477, 0.9708200693130493, 0.9574176073074341, 0.9607220888137817, 0.9609476327896118, 0.9624921083450317, 0.9641546010971069, 0.962633490562439, 0.9606257677078247, 0.9689174890518188, 0.9556924104690552], "cosine_similarity": [-0.05602741241455078, -0.020982718095183372, -0.013831826858222485, 0.0011478528613224626, 0.0053955870680511, 0.007910984568297863, 0.018049942329525948, 0.02237214520573616, 0.042714931070804596, 0.07413797080516815, 0.026258479803800583, 0.08990565687417984, 0.08341745287179947, 0.12057838588953018, 0.09367667883634567, 0.12645435333251953, 0.1152111068367958, 0.16710665822029114, 0.12107350677251816, 0.09042055904865265, 0.13615782558918, 0.12954258918762207, 0.1530640572309494, 0.1269453912973404, 0.13191093504428864, 0.15109039843082428, 0.14945128560066223, 0.16031363606452942, 0.12557503581047058, 0.1316799819469452, 0.13134196400642395, 0.16150876879692078, 0.13323427736759186, 0.12728933990001678, 0.1489269882440567, 0.11332851648330688, 0.1521131694316864, 0.15135598182678223, 0.13689211010932922, 0.14168600738048553, 0.13888785243034363, 0.1401079297065735, 0.1739392876625061, 0.16555741429328918, 0.1400008648633957, 0.15944412350654602, 0.1761569082736969, 0.14943769574165344, 0.16520097851753235, 0.15429314970970154, 0.144602432847023, 0.15249964594841003, 0.14996197819709778, 0.16888169944286346, 0.13268478214740753, 0.1302345097064972, 0.12629415094852448, 0.1516467034816742, 0.15014223754405975, 0.15516039729118347, 0.15171469748020172, 0.14604924619197845, 0.1717393845319748, 0.15269258618354797, 0.1367705762386322, 0.16573931276798248, 0.14918085932731628, 0.15556113421916962, 0.15963992476463318, 0.18990866839885712, 0.16417589783668518, 0.16462822258472443, 0.15494577586650848, 0.1772729456424713, 0.18124286830425262, 0.1435604840517044, 0.17097428441047668, 0.1891532987356186, 0.16627119481563568, 0.19172543287277222, 0.20201973617076874, 0.165519118309021, 0.18251758813858032, 0.1492549479007721, 0.15648457407951355, 0.13869884610176086, 0.18834929168224335, 0.17775921523571014, 0.17832572758197784, 0.1824665069580078, 0.15259209275245667, 0.1897256076335907, 0.18521343171596527, 0.19565217196941376, 0.1783076673746109, 0.19004173576831818, 0.18438485264778137, 0.1807098388671875, 0.1749851107597351, 0.1942373663187027],