{"loss": [0.9732769727706909, 0.9731703400611877, 0.9730458855628967, 0.9729166626930237, 0.9727945923805237, 0.9726640582084656, 0.9725458025932312, 0.9724223017692566, 0.9722999334335327, 0.9721828103065491, 0.9720650315284729, 0.9719468951225281, 0.9718338847160339, 0.9717145562171936, 0.9716009497642517, 0.971486508846283, 0.9713723659515381, 0.9712582230567932, 0.9711460471153259, 0.9710298776626587], "mse": [0.9732769727706909, 0.9731703400611877, 0.9730458855628967, 0.9729165434837341, 0.9727945923805237, 0.9726640582084656, 0.9725458025932312, 0.9724223017692566, 0.9722999334335327, 0.9721828103065491, 0.9720650315284729, 0.9719468951225281, 0.9718338847160339, 0.9717145562171936, 0.9716009497642517, 0.971486508846283, 0.9713723659515381, 0.9712582230567932, 0.9711460471153259, 0.9710298776626587], "cosine_similarity": [0.06060917675495148, 0.07768562436103821, 0.07777930796146393, 0.07779795676469803, 0.07777407020330429, 0.0780286118388176, 0.07818528264760971, 0.07831137627363205, 0.07849504053592682, 0.07864237576723099, 0.0787627249956131, 0.0789010301232338, 0.07904081046581268, 0.07915449887514114, 0.07928596436977386, 0.0794108435511589, 0.07949494570493698, 0.07961248606443405, 0.07971425354480743, 0.07980828732252121], "mae": [0.7791988849639893, 0.7791478633880615, 0.77908855676651, 0.779026210308075, 0.7789673805236816, 0.7789052128791809, 0.7788475751876831, 0.7787884473800659, 0.7787293791770935, 0.7786727547645569, 0.7786157727241516, 0.7785587310791016, 0.77850341796875, 0.7784462571144104, 0.7783908843994141, 0.778335452079773, 0.7782796621322632, 0.7782240509986877, 0.7781689763069153, 0.7781120538711548], "val_loss": [0.0850311666727066, 0.08496127277612686, 0.08488752692937851, 0.08481540530920029, 0.08474230021238327, 0.08467397838830948, 0.0846036896109581, 0.08453620970249176, 0.08447139710187912, 0.08440614491701126, 0.08434268087148666, 0.08428103476762772, 0.08421783149242401, 0.08415822684764862, 0.08409836888313293, 0.08403903245925903, 0.08398053050041199, 0.08392313122749329, 0.08386445790529251, 0.0838085487484932], "val_mse": [0.0850311666727066, 0.08496127277612686, 0.08488752692937851, 0.08481540530920029, 0.08474230021238327, 0.08467397838830948, 0.0846036896109581, 0.08453620970249176, 0.08447139710187912, 0.08440614491701126, 0.08434268087148666, 0.08428103476762772, 0.08421783149242401, 0.08415822684764862, 0.08409836888313293, 0.08403903245925903, 0.08398053050041199, 0.08392313122749329, 0.08386445790529251, 0.08380855619907379], "val_cosine_similarity": [0.16098125278949738, 0.16160374879837036, 0.16074050962924957, 0.1608172357082367, 0.16049903631210327, 0.16116861999034882, 0.16115427017211914, 0.1614188253879547, 0.1618003249168396, 0.16209295392036438, 0.16226573288440704, 0.16258296370506287, 0.16268721222877502, 0.16295507550239563, 0.16325610876083374, 0.16345031559467316, 0.1637498289346695, 0.16389304399490356, 0.1640768051147461, 0.16423112154006958], "val_mae": [0.21703991293907166, 0.21692714095115662, 0.21680843830108643, 0.21669265627861023, 0.21657440066337585, 0.21646392345428467, 0.2163509875535965, 0.21624213457107544, 0.21613720059394836, 0.21603134274482727, 0.21592946350574493, 0.2158285528421402, 0.21572689712047577, 0.21562938392162323, 0.2155313640832901, 0.21543437242507935, 0.21533840894699097, 0.2152455896139145, 0.21514999866485596, 0.21505893766880035]}