{"loss": [1.0683320760726929, 0.9971913695335388, 0.9769799709320068, 0.9744911789894104, 0.9737419486045837, 0.9736883640289307, 0.9735668897628784, 0.9731854200363159, 0.9731360077857971, 0.973114013671875], "mse": [1.072813868522644, 1.0045998096466064, 0.9847420454025269, 0.9831547141075134, 0.9825639128684998, 0.9824754595756531, 0.9824315309524536, 0.9821560382843018, 0.9821061491966248, 0.9820919036865234], "cosine_similarity": [0.044817645102739334, 0.07408404350280762, 0.07762113213539124, 0.08663695305585861, 0.08822031319141388, 0.08787178993225098, 0.0886472687125206, 0.08970580250024796, 0.08970194309949875, 0.08977965265512466], "mae": [0.819736659526825, 0.7926615476608276, 0.7850816249847412, 0.7842590808868408, 0.7840550541877747, 0.7841485738754272, 0.7840196490287781, 0.7839018702507019, 0.7839057445526123, 0.7839430570602417], "val_loss": [0.24066896736621857, 0.1592564433813095, 0.1547301858663559, 0.15416675806045532, 0.15381941199302673, 0.1536102294921875, 0.15360428392887115, 0.1534230262041092, 0.15343095362186432, 0.1535603553056717], "val_mse": [0.2504308223724365, 0.17089678347110748, 0.16850978136062622, 0.16827625036239624, 0.16797971725463867, 0.16757971048355103, 0.16784976422786713, 0.16760459542274475, 0.16763423383235931, 0.16766729950904846], "val_cosine_similarity": [0.09761869162321091, 0.11640333384275436, 0.13779594004154205, 0.1410948932170868, 0.14160285890102386, 0.13969464600086212, 0.14245502650737762, 0.141815647482872, 0.14203280210494995, 0.1410694122314453], "val_mae": [0.3957909345626831, 0.3219181001186371, 0.3193592131137848, 0.31852754950523376, 0.31861576437950134, 0.31875619292259216, 0.3180569112300873, 0.31822147965431213, 0.31811580061912537, 0.3185294270515442]}