{"loss": [1.003400206565857, 1.0024007558822632, 1.0009706020355225, 0.9992052316665649, 0.9981978535652161, 0.9978774189949036, 0.9960317611694336, 0.9945961833000183, 0.9914274215698242, 0.9929277300834656, 0.987744927406311, 0.9876350164413452, 0.9850727319717407, 0.9791334271430969, 0.9743407964706421, 0.9548177719116211, 0.9516464471817017, 0.9427858591079712, 0.9335594177246094, 0.9397717714309692, 0.9221386909484863, 0.9232444763183594, 0.9285569190979004, 0.9121112823486328, 0.9172879457473755, 0.9058836102485657, 0.9040354490280151, 0.8987560272216797, 0.8933426141738892, 0.8891955614089966, 0.8873192071914673, 0.8825814127922058, 0.8758652806282043, 0.875930905342102, 0.8665875196456909, 0.8687426447868347, 0.8554128408432007, 0.8646442294120789, 0.8548117876052856, 0.8466909527778625], "mse": [1.0016711950302124, 1.0013511180877686, 1.0010534524917603, 1.0005903244018555, 1.0003001689910889, 1.0002498626708984, 0.9997857809066772, 0.9992952346801758, 0.9980394244194031, 0.9982744455337524, 0.9960129857063293, 0.9955412149429321, 0.993705153465271, 0.9905716776847839, 0.9874626398086548, 0.9741247296333313, 0.9720352292060852, 0.9638379812240601, 0.9545320272445679, 0.9591821432113647, 0.9453102350234985, 0.9466741681098938, 0.9497941732406616, 0.9368188977241516, 0.9399701952934265, 0.9308443069458008, 0.9300451278686523, 0.9251344799995422, 0.9209141731262207, 0.9169540405273438, 0.9152528047561646, 0.9111663699150085, 0.9059078097343445, 0.9057153463363647, 0.8981683850288391, 0.8995725512504578, 0.8883752822875977, 0.8965429067611694, 0.8878746032714844, 0.8804541826248169], "cosine_similarity": [-0.017291268333792686, -0.010495980270206928, 0.0008289888501167297, 0.01385073084384203, 0.021024104207754135, 0.023724015802145004, 0.037540189921855927, 0.04699144512414932, 0.06612124294042587, 0.05346529930830002, 0.08268085867166519, 0.07906068861484528, 0.08632460981607437, 0.114382803440094, 0.1312171220779419, 0.19306892156600952, 0.20388802886009216, 0.21052126586437225, 0.20972590148448944, 0.19410373270511627, 0.23171496391296387, 0.2342972308397293, 0.21237318217754364, 0.24707531929016113, 0.22682254016399384, 0.24960735440254211, 0.26009616255760193, 0.2637835443019867, 0.2757156193256378, 0.27758538722991943, 0.2793367803096771, 0.2858501076698303, 0.3004257082939148, 0.29784512519836426, 0.31580883264541626, 0.3082990050315857, 0.32962316274642944, 0.3189874291419983, 0.3306286931037903, 0.3376315236091614], "mae": [0.7913654446601868, 0.7911601066589355, 0.7909030318260193, 0.7906447649002075, 0.79049152135849, 0.7904926538467407, 0.7903469800949097, 0.7900409698486328, 0.7895344495773315, 0.7897505164146423, 0.7887597680091858, 0.7883588671684265, 0.7874722480773926, 0.7858136892318726, 0.7846728563308716, 0.7788121700286865, 0.7776819467544556, 0.7736749649047852, 0.7694406509399414, 0.7721934914588928, 0.7651999592781067, 0.7654903531074524, 0.7675833702087402, 0.7630852460861206, 0.7650697231292725, 0.7610772252082825, 0.7591705322265625, 0.7571438550949097, 0.7566405534744263, 0.7544420957565308, 0.7538987994194031, 0.7514201402664185, 0.7490453124046326, 0.7493596076965332, 0.7456938624382019, 0.7460055947303772, 0.7408547401428223, 0.7450253367424011, 0.7414411306381226, 0.7374259829521179], "pearson": [-0.0002694174472708255, -0.00023030480952002108, -0.0012493148678913713, 0.00047250071656890213, 0.0015057978453114629, 9.787980525288731e-05, -0.0004753798129968345, -0.0014058274682611227, 0.0014993463410064578, 0.0008218978182412684, 0.0023732269182801247, 0.0029411630239337683, 0.00045389708247967064, 0.0011077075032517314, -0.00016991332813631743, 0.00044272642116993666, 0.004026507493108511, -0.00044970738235861063, 0.0022244455758482218, 0.00303281145170331, 0.003284083679318428, 0.0007877841708250344, 0.004163296427577734, 0.0038362694904208183, 0.00537324883043766, 0.00595060596242547, 0.005325298756361008, 0.00426485575735569, 0.003360728733241558, 0.003945340868085623, 0.006215325091034174, 0.005564483348280191, 0.003989641088992357, 0.005846578162163496, 0.004124893806874752, 0.007192656397819519, 0.007614562287926674, 0.00876318197697401, 0.0074438187293708324, 0.00844387337565422], "val_loss": [1.011714220046997, 1.0109679698944092, 1.0104200839996338, 1.0099124908447266, 1.008414626121521, 1.0069307088851929, 1.004428744316101, 1.0003875494003296, 0.9979166984558105, 0.9965240359306335, 0.9896815419197083, 0.9868763089179993, 0.9814929962158203, 0.9765496253967285, 0.9704605340957642, 0.9654313921928406, 0.9743720293045044, 0.9541069269180298, 0.9462337493896484, 0.9415769577026367, 0.9385229349136353, 0.9390357136726379, 0.9338814616203308, 0.9573671221733093, 0.9458611607551575, 0.9531841278076172, 0.9520036578178406, 0.9487329721450806, 0.9490112066268921, 0.9460275769233704, 0.9474636912345886, 0.9427099227905273, 0.9391504526138306, 0.9397976994514465, 0.9318172335624695, 0.9238924980163574, 0.9319577217102051, 0.9228253364562988, 0.9314435124397278, 0.934386134147644], "val_mse": [1.0127391815185547, 1.0125259160995483, 1.0124585628509521, 1.0123052597045898, 1.0119068622589111, 1.0115875005722046, 1.010915994644165, 1.0095374584197998, 1.008339285850525, 1.007035732269287, 1.003485083580017, 1.0014283657073975, 0.9974882006645203, 0.9937981367111206, 0.9892381429672241, 0.9843324422836304, 0.9918752908706665, 0.9742439985275269, 0.9673948287963867, 0.9636974334716797, 0.9614067077636719, 0.961844801902771, 0.957412600517273, 0.9762197732925415, 0.9669452905654907, 0.9732610583305359, 0.9718643426895142, 0.9697867631912231, 0.9693633913993835, 0.9674041867256165, 0.9694474935531616, 0.9643363952636719, 0.9620099067687988, 0.962289035320282, 0.9561153650283813, 0.9485063552856445, 0.9552258253097534, 0.947799801826477, 0.9557805061340332, 0.9576023817062378], "val_cosine_similarity": [0.010248188860714436, 0.01557978242635727, 0.020385922864079475, 0.023928511887788773, 0.034922707825899124, 0.04656796157360077, 0.0648726224899292, 0.09149910509586334, 0.10422555357217789, 0.10511662811040878, 0.1380356252193451, 0.1455201953649521, 0.1599521040916443, 0.17248542606830597, 0.1877773255109787, 0.18901018798351288, 0.17503324151039124, 0.201371431350708, 0.21161103248596191, 0.22120383381843567, 0.22883816063404083, 0.22809164226055145, 0.23531165719032288, 0.18852567672729492, 0.2108415812253952, 0.20077018439769745, 0.1986066997051239, 0.21053817868232727, 0.20352110266685486, 0.2137678563594818, 0.21983826160430908, 0.21626393496990204, 0.2285958081483841, 0.22491398453712463, 0.2429821491241455, 0.24613907933235168, 0.23268191516399384, 0.2497439682483673, 0.24336962401866913, 0.23216286301612854], "val_mae": [0.7930327653884888, 0.7928279042243958, 0.7927414774894714, 0.792641818523407, 0.7924903631210327, 0.792328953742981, 0.7920532822608948, 0.791454017162323, 0.7909549474716187, 0.7903541326522827, 0.7887808084487915, 0.7877842783927917, 0.7862004041671753, 0.7847118377685547, 0.7826492786407471, 0.7805509567260742, 0.7836448550224304, 0.775091290473938, 0.7726250886917114, 0.7713361978530884, 0.769789457321167, 0.7705968022346497, 0.769229531288147, 0.7778908610343933, 0.7736226320266724, 0.775779128074646, 0.7750059366226196, 0.7747703790664673, 0.7745022773742676, 0.7732288837432861, 0.7743420600891113, 0.7718409299850464, 0.7717015147209167, 0.7720001935958862, 0.768400251865387, 0.7656160593032837, 0.7689588665962219, 0.7651280760765076, 0.7683777809143066, 0.7697240114212036],