{"loss": [0.9928829073905945, 1.0126713514328003, 0.9945353269577026, 0.9760218262672424, 0.9638975262641907, 0.9582464694976807, 0.9569064378738403, 0.9566633105278015, 0.9565900564193726, 0.9566171169281006, 0.9566398859024048, 0.956647515296936, 0.9566147923469543, 0.9565979838371277, 0.9566725492477417, 0.956591010093689, 0.9565743803977966, 0.9566740989685059, 0.9565680027008057, 0.9566369652748108, 0.9565923810005188, 0.9562982320785522, 0.9562837481498718, 0.9562788605690002, 0.9562827348709106, 0.9562730193138123, 0.9562756419181824, 0.9562702178955078, 0.9562734961509705, 0.9562750458717346, 0.9562694430351257, 0.9562636017799377, 0.9562660455703735, 0.9562649726867676, 0.9562637209892273, 0.9562674760818481, 0.9562307000160217, 0.9562313556671143, 0.9562318921089172, 0.9562314748764038, 0.9562320709228516, 0.9562314748764038, 0.9562313556671143, 0.9562312960624695, 0.9562310576438904, 0.9562310576438904, 0.9562278389930725, 0.9562278389930725, 0.9562280178070068, 0.9562280178070068, 0.9562278389930725, 0.9562275409698486, 0.9562275409698486, 0.9562275409698486, 0.9562275409698486, 0.9562276005744934, 0.9562275409698486, 0.9562275409698486, 0.9562275409698486, 0.9562274217605591, 0.9562275409698486, 0.9562276005744934, 0.9562275409698486, 0.9562275409698486, 0.9562274217605591, 0.9562276005744934, 0.9562275409698486, 0.9562276005744934, 0.9562275409698486, 0.9562274217605591, 0.9562275409698486, 0.9562276005744934, 0.9562276005744934, 0.9562275409698486, 0.9562274217605591, 0.9562275409698486, 0.9562275409698486, 0.9562275409698486, 0.9562276005744934, 0.9562275409698486], "mse": [0.9961420893669128, 1.017124891281128, 0.9998392462730408, 0.9824090600013733, 0.9715240597724915, 0.9668150544166565, 0.9657044410705566, 0.9654960036277771, 0.9654313921928406, 0.9654542803764343, 0.965462863445282, 0.9654715061187744, 0.9654473662376404, 0.9654362201690674, 0.9654787182807922, 0.9654247760772705, 0.9654160737991333, 0.9654989838600159, 0.9654234051704407, 0.9654535055160522, 0.9654227495193481, 0.965241014957428, 0.9652360081672668, 0.965233564376831, 0.9652341604232788, 0.9652266502380371, 0.9652288556098938, 0.9652246236801147, 0.9652279615402222, 0.9652275443077087, 0.9652231931686401, 0.965218722820282, 0.9652207493782043, 0.9652203321456909, 0.9652196168899536, 0.9652220606803894, 0.9651976227760315, 0.9651978611946106, 0.965198278427124, 0.9651979804039001, 0.9651984572410583, 0.965197741985321, 0.9651978611946106, 0.9651976227760315, 0.9651975631713867, 0.9651976227760315, 0.9651952981948853, 0.9651955366134644, 0.9651955366134644, 0.9651955366134644, 0.9651955366134644, 0.9651952385902405, 0.9651952385902405, 0.9651952385902405, 0.9651952385902405, 0.9651952981948853, 0.9651952385902405, 0.9651952385902405, 0.9651951193809509, 0.9651952385902405, 0.9651952981948853, 0.9651952385902405, 0.9651952385902405, 0.9651952385902405, 0.9651952385902405, 0.9651952385902405, 0.9651952981948853, 0.9651952385902405, 0.9651952981948853, 0.9651952981948853, 0.9651952385902405, 0.9651952981948853, 0.9651952981948853, 0.9651952981948853, 0.9651952385902405, 0.9651952385902405, 0.9651952385902405, 0.9651952385902405, 0.9651952981948853, 0.9651952385902405], "cosine_similarity": [0.03259117901325226, 0.04453565552830696, 0.053039439022541046, 0.06387077271938324, 0.0762653574347496, 0.08568650484085083, 0.08797907829284668, 0.08832655847072601, 0.0884135290980339, 0.08837398886680603, 0.08822920173406601, 0.08823918551206589, 0.08832687139511108, 0.08838323503732681, 0.08806177973747253, 0.08833770453929901, 0.08841793984174728, 0.0882478728890419, 0.08855289965867996, 0.08816508948802948, 0.08830317109823227, 0.0894283801317215, 0.08952159434556961, 0.08954544365406036, 0.08951462060213089, 0.08953643590211868, 0.08953312039375305, 0.08954431861639023, 0.08954517543315887, 0.08952630311250687, 0.08953839540481567, 0.08955169469118118, 0.08954701572656631, 0.08955267816781998, 0.08956009149551392, 0.0895453542470932, 0.0896688923239708, 0.08966512233018875, 0.08966249972581863, 0.08966365456581116, 0.0896625742316246, 0.08966480195522308, 0.08966407924890518, 0.08966424316167831, 0.08966434746980667, 0.08966515958309174, 0.08967635780572891, 0.08967599272727966, 0.0896758884191513, 0.08967550843954086, 0.0896758884191513, 0.0896771177649498, 0.0896771103143692, 0.0896771103143692, 0.0896771252155304, 0.0896771252155304, 0.08967714011669159, 0.0896771252155304, 0.0896771177649498, 0.0896771252155304, 0.0896771252155304, 0.0896771252155304, 0.0896771252155304, 0.08967714011669159, 0.0896771252155304, 0.08967714011669159, 0.0896771252155304, 0.0896771103143692, 0.0896771177649498, 0.0896771177649498, 0.0896771103143692, 0.0896771252155304, 0.0896771103143692, 0.0896771252155304, 0.08967714011669159, 0.0896771252155304, 0.08967714011669159, 0.0896771252155304, 0.0896771103143692, 0.08967714011669159], "mae": [0.7876285910606384, 0.7957911491394043, 0.7887643575668335, 0.7816958427429199, 0.777315080165863, 0.7754692435264587, 0.7750946879386902, 0.7750462889671326, 0.775046169757843, 0.7750585675239563, 0.7750612497329712, 0.7750588059425354, 0.7750661373138428, 0.775055468082428, 0.7750784754753113, 0.7750535011291504, 0.7750529646873474, 0.7750808596611023, 0.7750526070594788, 0.7750783562660217, 0.7750616669654846, 0.7749766111373901, 0.7749705910682678, 0.7749691009521484, 0.7749712467193604, 0.7749696969985962, 0.7749704122543335, 0.7749698162078857, 0.7749706506729126, 0.7749723196029663, 0.7749710083007812, 0.7749701142311096, 0.7749710083007812, 0.7749710083007812, 0.774971067905426, 0.7749719023704529, 0.7749625444412231, 0.7749629616737366, 0.7749632596969604, 0.7749632000923157, 0.7749634981155396, 0.7749632000923157, 0.7749632000923157, 0.7749632000923157, 0.7749632596969604, 0.7749632000923157, 0.7749624252319336, 0.7749624848365784, 0.7749624848365784, 0.7749624848365784, 0.7749624252319336, 0.774962306022644, 0.7749623656272888, 0.7749623656272888, 0.774962306022644, 0.7749623656272888, 0.7749623656272888, 0.774962306022644, 0.7749623656272888, 0.7749622464179993, 0.7749623656272888, 0.7749623656272888, 0.7749622464179993, 0.7749623656272888, 0.7749624252319336, 0.774962306022644, 0.7749623656272888, 0.774962306022644, 0.7749623656272888, 0.7749623656272888, 0.774962306022644, 0.7749623656272888, 0.7749623656272888, 0.7749623656272888, 0.7749623656272888, 0.7749623656272888, 0.7749623656272888, 0.7749623656272888, 0.7749623656272888, 0.7749623656272888],