{"loss": [1.3454340696334839, 0.9795994162559509, 0.9650732278823853, 0.9640384912490845, 0.9632729291915894, 0.9631949663162231, 0.9642655253410339, 0.9642191529273987, 0.9650445580482483, 0.9639198780059814, 0.9639528393745422, 0.9647975564002991, 0.9630873799324036, 0.9631803631782532, 0.9648040533065796, 0.9635176658630371, 0.9641323685646057, 0.9643823504447937, 0.9634438157081604, 0.9644055366516113], "mse": [1.3492400646209717, 0.985302746295929, 0.97189861536026, 0.9710575342178345, 0.9704043865203857, 0.9703370928764343, 0.9713227152824402, 0.9712148904800415, 0.9718503952026367, 0.9708875417709351, 0.9710461497306824, 0.9717481732368469, 0.970206618309021, 0.9703549146652222, 0.9717308282852173, 0.9706377983093262, 0.9710714817047119, 0.9713716506958008, 0.9705201983451843, 0.9713563323020935], "cosine_similarity": [0.03805893659591675, 0.05703369155526161, 0.06825386732816696, 0.0701914057135582, 0.0713144838809967, 0.07142312079668045, 0.07057201117277145, 0.06995692849159241, 0.06805967539548874, 0.06967709958553314, 0.07093162834644318, 0.06950439512729645, 0.07119306176900864, 0.07174678891897202, 0.06926752626895905, 0.07120105624198914, 0.06939105689525604, 0.0698939636349678, 0.07076296210289001, 0.06950810551643372], "mae": [0.9207590818405151, 0.7831830978393555, 0.7776374220848083, 0.7772454619407654, 0.7770024538040161, 0.7769817113876343, 0.7773821353912354, 0.7772679328918457, 0.7776362299919128, 0.7772156000137329, 0.7772244215011597, 0.7776544094085693, 0.7769284248352051, 0.7769832015037537, 0.7776157855987549, 0.7770622968673706, 0.7772903442382812, 0.7773664593696594, 0.7770352959632874, 0.7774016261100769], "val_loss": [0.13559958338737488, 0.07902055978775024, 0.07066550105810165, 0.07051082700490952, 0.07232261449098587, 0.07361943274736404, 0.07365356385707855, 0.07189296931028366, 0.07174082100391388, 0.07487007975578308, 0.07489655166864395, 0.07190452516078949, 0.07116851210594177, 0.07126489281654358, 0.07512738555669785, 0.07512890547513962, 0.06832239031791687, 0.07064183056354523, 0.07065404951572418, 0.07595250755548477], "val_mse": [0.0, 0.0, 0.0, 0.0, 0.0, 0.0, 0.0, 0.0, 0.0, 0.0, 0.0, 0.0, 0.0, 0.0, 0.0, 0.0, 0.0, 0.0, 0.0, 0.0], "val_cosine_similarity": [0.0, 0.0, 0.0, 0.0, 0.0, 0.0, 0.0, 0.0, 0.0, 0.0, 0.0, 0.0, 0.0, 0.0, 0.0, 0.0, 0.0, 0.0, 0.0, 0.0], "val_mae": [0.0, 0.0, 0.0, 0.0, 0.0, 0.0, 0.0, 0.0, 0.0, 0.0, 0.0, 0.0, 0.0, 0.0, 0.0, 0.0, 0.0, 0.0, 0.0, 0.0]}