{"loss": [1.053663969039917, 1.0494588613510132, 0.966639518737793, 0.9587358832359314, 0.9575102925300598, 0.957173764705658, 0.9570368528366089, 0.9570751190185547, 0.9569755792617798, 0.9569578170776367, 0.9568480253219604, 0.9569149017333984, 0.9569156765937805, 0.9568153619766235, 0.9568219184875488, 0.9567777514457703, 0.9567283391952515, 0.9568248391151428, 0.9567558765411377, 0.956788957118988], "mse": [1.0570509433746338, 1.0545918941497803, 0.9740738868713379, 0.9668503999710083, 0.9660664796829224, 0.9658106565475464, 0.9657182097434998, 0.9657524824142456, 0.9656910300254822, 0.9656632542610168, 0.9655933380126953, 0.9656327366828918, 0.9656505584716797, 0.9655908942222595, 0.9655826687812805, 0.9655459523200989, 0.9655179977416992, 0.9655857086181641, 0.9655418992042542, 0.9655617475509644], "cosine_similarity": [0.03387086093425751, 0.05133058503270149, 0.07434454560279846, 0.08114483207464218, 0.08556090295314789, 0.08636914938688278, 0.08681342750787735, 0.08677492290735245, 0.08715372532606125, 0.08705441653728485, 0.08745385706424713, 0.08717797696590424, 0.0873492881655693, 0.08775527030229568, 0.08760681003332138, 0.0876825749874115, 0.08789733797311783, 0.08760790526866913, 0.08785978704690933, 0.0877293273806572], "mae": [0.8117926120758057, 0.8107044696807861, 0.7784525156021118, 0.7756869792938232, 0.775255560874939, 0.7752199172973633, 0.775174081325531, 0.775166928768158, 0.775136411190033, 0.7751584649085999, 0.7751224040985107, 0.7751379609107971, 0.7751310467720032, 0.7751067876815796, 0.7751101851463318, 0.7751092910766602, 0.7750911712646484, 0.7751131653785706, 0.7750943899154663, 0.7751059532165527], "val_loss": [0.2182231843471527, 0.10250446945428848, 0.07025862485170364, 0.06607943028211594, 0.06532134860754013, 0.0653086006641388, 0.06547798961400986, 0.0652148425579071, 0.06524745374917984, 0.06520272046327591, 0.06532512605190277, 0.06535601615905762, 0.065338633954525, 0.0649334266781807, 0.06525612622499466, 0.06530128419399261, 0.06505712866783142, 0.06532293558120728, 0.0652795135974884, 0.06521040201187134], "val_mse": [0.22778692841529846, 0.11624693125486374, 0.08631589263677597, 0.08429338783025742, 0.08383241295814514, 0.08369821310043335, 0.08386921137571335, 0.08372415602207184, 0.08370903134346008, 0.08368627727031708, 0.0837896540760994, 0.08378133177757263, 0.08382312953472137, 0.08354241400957108, 0.08371284604072571, 0.08373964577913284, 0.08361592888832092, 0.08375001698732376, 0.08374734222888947, 0.08369717001914978], "val_cosine_similarity": [0.09563728421926498, 0.13742460310459137, 0.1605726182460785, 0.1821395456790924, 0.1851106882095337, 0.18389612436294556, 0.18391220271587372, 0.18509307503700256, 0.18461574614048004, 0.18483547866344452, 0.18464529514312744, 0.18425308167934418, 0.1848449558019638, 0.18608984351158142, 0.18456710875034332, 0.18438364565372467, 0.18558816611766815, 0.18427085876464844, 0.1846783310174942, 0.18486760556697845], "val_mae": [0.39322182536125183, 0.2627410888671875, 0.21931704878807068, 0.21548454463481903, 0.21479564905166626, 0.21474890410900116, 0.21488532423973083, 0.21466206014156342, 0.21464866399765015, 0.21464656293392181, 0.2147016078233719, 0.2147219032049179, 0.2147999256849289, 0.2143659144639969, 0.2146371603012085, 0.21471330523490906, 0.21446403861045837, 0.21470150351524353, 0.21474233269691467, 0.21461616456508636]}