{"loss": [0.9729374051094055, 0.970019519329071, 0.9672589898109436, 0.9650899171829224, 0.9635693430900574, 0.9626025557518005, 0.9618750214576721, 0.961372971534729, 0.9609729051589966, 0.9605980515480042, 0.9602091312408447, 0.9598433375358582, 0.9594637155532837, 0.9590455889701843, 0.9586278200149536, 0.9582425951957703, 0.9577308297157288, 0.9573174118995667, 0.9567946195602417, 0.9563164114952087, 0.9556864500045776, 0.9551025629043579, 0.9545904397964478, 0.9538664817810059, 0.9532275199890137, 0.9526938796043396, 0.9519144892692566, 0.9512110352516174, 0.9504079222679138, 0.949963390827179, 0.9488155245780945, 0.9480918645858765, 0.9474507570266724, 0.9469740986824036, 0.9463877081871033, 0.9454797506332397, 0.944165050983429, 0.944302499294281, 0.943059504032135, 0.942334771156311, 0.9420082569122314, 0.940453290939331, 0.9396016597747803, 0.9400805830955505, 0.9380641579627991, 0.938103437423706, 0.937146008014679, 0.9357246160507202, 0.9348315596580505, 0.9344642162322998, 0.934340238571167, 0.9322155714035034, 0.9313029050827026, 0.929936945438385, 0.9291697144508362, 0.9298890233039856, 0.9282113909721375, 0.9259334206581116, 0.9252240061759949, 0.9251489043235779, 0.9248278737068176, 0.923866868019104, 0.9230638742446899, 0.9219958782196045, 0.9203448295593262, 0.9181845188140869, 0.9174493551254272, 0.9183940887451172, 0.9138668775558472, 0.9140557050704956, 0.9161155223846436, 0.9132154583930969, 0.9114693403244019, 0.9125881195068359, 0.9104266166687012, 0.9110026955604553, 0.9081419110298157, 0.905612587928772, 0.9058995842933655, 0.9044363498687744], "mse": [0.9734823703765869, 0.9726495146751404, 0.9719035029411316, 0.9713229537010193, 0.9709300994873047, 0.9706454277038574, 0.9704084396362305, 0.9701911211013794, 0.9699718952178955, 0.9697306156158447, 0.9694753289222717, 0.9692084789276123, 0.9689273238182068, 0.9686250686645508, 0.9683064818382263, 0.9679955840110779, 0.9676064252853394, 0.967273473739624, 0.9668711423873901, 0.9664601683616638, 0.9659847021102905, 0.9655452370643616, 0.9650835394859314, 0.9645540118217468, 0.964011013507843, 0.9635965824127197, 0.9629669189453125, 0.9623777270317078, 0.9617466330528259, 0.9613633155822754, 0.9604862332344055, 0.9598908424377441, 0.9593912959098816, 0.9589383006095886, 0.958484411239624, 0.9578027129173279, 0.9567723870277405, 0.9568343162536621, 0.9559069871902466, 0.955370306968689, 0.955079972743988, 0.9539085030555725, 0.9532630443572998, 0.9535711407661438, 0.952013373374939, 0.9519441723823547, 0.9511463642120361, 0.9500307440757751, 0.9493481516838074, 0.9490106105804443, 0.9489212036132812, 0.9472474455833435, 0.9464733004570007, 0.9452896118164062, 0.9447104930877686, 0.9450989961624146, 0.9437301754951477, 0.9419949054718018, 0.9413148760795593, 0.9412127733230591, 0.9408835768699646, 0.9401617646217346, 0.939481794834137, 0.9386250972747803, 0.937069296836853, 0.9354208111763, 0.9345461130142212, 0.9354392290115356, 0.9316262602806091, 0.9319617748260498, 0.9333078861236572, 0.9311268925666809, 0.9297342896461487, 0.9301700592041016, 0.9285534620285034, 0.9291034936904907, 0.9263730645179749, 0.9244738817214966, 0.9245428442955017, 0.9233319163322449], "cosine_similarity": [0.005450365133583546, 0.02630060352385044, 0.04644423723220825, 0.0623307041823864, 0.07360728085041046, 0.08042959868907928, 0.08533373475074768, 0.08818187564611435, 0.08999020606279373, 0.0913262665271759, 0.0926610678434372, 0.0936521366238594, 0.09463581442832947, 0.09579432010650635, 0.0967864990234375, 0.09752956032752991, 0.09875616431236267, 0.09955954551696777, 0.10076537728309631, 0.10143736004829407, 0.1029835119843483, 0.10442771762609482, 0.10493037849664688, 0.10687581449747086, 0.1078333631157875, 0.10902822017669678, 0.11052501946687698, 0.11166597902774811, 0.11338714510202408, 0.11399995535612106, 0.1167062371969223, 0.1179913580417633, 0.11940597742795944, 0.11964258551597595, 0.12096589058637619, 0.12322944402694702, 0.12607257068157196, 0.12531843781471252, 0.12847453355789185, 0.13035418093204498, 0.13071678578853607, 0.13455082476139069, 0.136613667011261, 0.13490663468837738, 0.13949204981327057, 0.13840678334236145, 0.14000442624092102, 0.14306098222732544, 0.14516609907150269, 0.1454639434814453, 0.14580851793289185, 0.15031880140304565, 0.15170477330684662, 0.1535249799489975, 0.15540732443332672, 0.152100071310997, 0.1551874727010727, 0.16061444580554962, 0.16091051697731018, 0.16063913702964783, 0.1605575531721115, 0.1629502922296524, 0.16417855024337769, 0.16629205644130707, 0.16724495589733124, 0.17236417531967163, 0.17096580564975739, 0.17045173048973083, 0.1775934249162674, 0.17906107008457184, 0.1719232052564621, 0.17911440134048462, 0.18264958262443542, 0.17581990361213684, 0.18126899003982544, 0.1810079663991928, 0.18231108784675598, 0.18861503899097443, 0.18643201887607574, 0.18895535171031952], "mae": [0.7792748212814331, 0.778886079788208, 0.7785255312919617, 0.778251051902771, 0.778066098690033, 0.7779317498207092, 0.7778178453445435, 0.7777149677276611, 0.7776106595993042, 0.7774983644485474, 0.7773787975311279, 0.7772542834281921, 0.777120053768158, 0.7769843339920044, 0.776830792427063, 0.776686429977417, 0.7765108346939087, 0.7763457298278809, 0.7761679887771606, 0.7759774327278137, 0.7757607102394104, 0.7755590677261353, 0.7753440141677856, 0.7750956416130066, 0.7748628854751587, 0.7746613025665283, 0.7743760943412781, 0.7741138935089111, 0.7738392353057861, 0.7736523151397705, 0.7732768058776855, 0.7730194330215454, 0.7727722525596619, 0.7725766897201538, 0.7723570466041565, 0.7720818519592285, 0.7716171741485596, 0.7716879844665527, 0.7712233662605286, 0.7710257768630981, 0.770887017250061, 0.770390510559082, 0.7701289057731628, 0.7702348828315735, 0.7696078419685364, 0.7695493698120117, 0.7693052887916565, 0.768751323223114, 0.7684287428855896, 0.768302857875824, 0.7682457566261292, 0.7675880193710327, 0.767327070236206, 0.766803503036499, 0.766469419002533, 0.7666959762573242, 0.7661657929420471, 0.7654562592506409, 0.7651450634002686, 0.7651309370994568, 0.7649657726287842, 0.7647978663444519, 0.764353334903717, 0.7640501856803894, 0.7634647488594055, 0.7627002000808716, 0.7624166011810303, 0.7628127932548523, 0.7610817551612854, 0.7611702680587769, 0.7617600560188293, 0.7610602974891663, 0.7603089213371277, 0.7605838775634766, 0.7597519159317017, 0.7601214647293091, 0.7590479254722595, 0.7581225633621216, 0.7582772374153137, 0.7577182054519653],