{"loss": [0.9931169748306274, 1.0170679092407227, 0.9990716576576233, 0.9790352582931519, 0.9651936888694763, 0.9586079716682434, 0.9569715261459351, 0.9567040801048279, 0.9566419720649719, 0.9567030072212219], "mse": [0.9969834685325623, 1.0220986604690552, 1.0047680139541626, 0.9855844974517822, 0.972851574420929, 0.9671041965484619, 0.9657516479492188, 0.9655250310897827, 0.9654687643051147, 0.9655059576034546], "cosine_similarity": [0.03866579011082649, 0.050308194011449814, 0.056963253766298294, 0.06549310684204102, 0.07657919824123383, 0.08496128022670746, 0.08780121058225632, 0.08820908516645432, 0.08826678991317749, 0.08802949637174606], "mae": [0.7882528901100159, 0.7983050346374512, 0.7912248969078064, 0.7832936644554138, 0.7780241966247559, 0.775643527507782, 0.7751097083091736, 0.7750434279441833, 0.7750502228736877, 0.7750770449638367], "val_loss": [0.13315941393375397, 0.12607915699481964, 0.10279637575149536, 0.08377346396446228, 0.0717143714427948, 0.06719546020030975, 0.06596237421035767, 0.06539923697710037, 0.06533271819353104, 0.06544337421655655], "val_mse": [0.14320701360702515, 0.13736823201179504, 0.11562098562717438, 0.09865950793027878, 0.08883785456418991, 0.08543770015239716, 0.08438393473625183, 0.08393345773220062, 0.08381567150354385, 0.08385001122951508], "val_cosine_similarity": [0.10047591477632523, 0.11289065331220627, 0.12824617326259613, 0.14886043965816498, 0.17123481631278992, 0.18242233991622925, 0.18421566486358643, 0.1853421926498413, 0.1848294883966446, 0.1840663105249405], "val_mae": [0.29758238792419434, 0.2910958230495453, 0.2635495066642761, 0.23926331102848053, 0.2235862910747528, 0.21745727956295013, 0.21560527384281158, 0.21493041515350342, 0.21477574110031128, 0.21486710011959076]}