{"accuracy": [0.9362666606903076, 0.9863499999046326, 0.991016685962677, 0.993233323097229, 0.9947166442871094, 0.9959999918937683, 0.9966166615486145, 0.9971833229064941, 0.9974666833877563, 0.9977166652679443, 0.9980666637420654, 0.9984166622161865, 0.9983500242233276, 0.9987333416938782, 0.9986666440963745, 0.9986500144004822, 0.9989500045776367, 0.9990333318710327, 0.9991666674613953, 0.9992666840553284, 0.9993333220481873, 0.9994666576385498, 0.9994833469390869, 0.9995333552360535, 0.9995166659355164, 0.9994666576385498, 0.9996333122253418, 0.9996833205223083, 0.999666690826416, 0.999666690826416, 0.9997000098228455, 0.9996500015258789, 0.9996833205223083, 0.9996166825294495, 0.9997333288192749, 0.9997166395187378, 0.9997000098228455, 0.9997666478157043, 0.9997666478157043, 0.9998166561126709, 0.9997833371162415, 0.9997666478157043, 0.999833345413208, 0.9998166561126709, 0.9997666478157043, 0.9998666644096375, 0.9998666644096375, 0.9998000264167786, 0.9998833537101746, 0.9998499751091003], "loss": [0.022775935009121895, 0.019112300127744675, 0.02871047519147396, 0.013260645791888237, 0.01711413264274597, 0.012904398143291473, 0.011146011762320995, 0.01691453531384468, 0.009456141851842403, 0.012767139822244644, 0.010313143022358418, 0.007806819397956133, 0.01329504232853651, 0.013201471418142319, 0.012506210245192051, 0.009184480644762516, 0.010400742292404175, 0.008541347458958626, 0.011400953866541386, 0.012805263511836529, 0.010588712990283966, 0.010831120423972607, 0.008009741082787514, 0.008154166862368584, 0.011622645892202854, 0.006517725996673107, 0.008792656473815441, 0.007437612395733595, 0.009894139133393764, 0.007351828273385763, 0.00561335077509284, 0.0063511766493320465, 0.005001463927328587, 0.008195159956812859, 0.006451553199440241, 0.005650592502206564, 0.0054720016196370125, 0.005862568970769644, 0.004905806388705969, 0.007854555733501911, 0.0059278737753629684, 0.0053789555095136166, 0.004973207134753466, 0.0035882024094462395, 0.005675850436091423, 0.004963359329849482, 0.004127149470150471, 0.00505305640399456, 0.004379214718937874, 0.007138803601264954]}