{"loss": [0.19972042739391327, 0.19972044229507446, 0.19972042739391327, 0.19972042739391327, 0.19972042739391327, 0.19972042739391327, 0.19972042739391327, 0.19972042739391327, 0.19972042739391327, 0.19972042739391327], "mse": [0.9733014106750488, 0.9733014106750488, 0.9733014106750488, 0.9733012914657593, 0.9733014106750488, 0.9733014106750488, 0.9733012914657593, 0.9733012914657593, 0.9733014106750488, 0.9733014106750488], "cosine_similarity": [0.00020005786791443825, 0.00020005785336252302, 0.00020005785336252302, 0.00020005786791443825, 0.00020005785336252302, 0.00020005785336252302, 0.00020005786791443825, 0.00020005785336252302, 0.00020005785336252302, 0.00020005785336252302], "mae": [0.7792109251022339, 0.7792109251022339, 0.7792108654975891, 0.7792109251022339, 0.7792109251022339, 0.7792109251022339, 0.7792109251022339, 0.7792109847068787, 0.7792109251022339, 0.7792108654975891], "val_loss": [0.03058825433254242, 0.03058825433254242, 0.03058825433254242, 0.03058825433254242, 0.03058825433254242, 0.03058825433254242, 0.03058825433254242, 0.03058825433254242, 0.03058825433254242, 0.03058825433254242], "val_mse": [0.08507847785949707, 0.08507847785949707, 0.08507847785949707, 0.08507847785949707, 0.08507847785949707, 0.08507847785949707, 0.08507847785949707, 0.08507847785949707, 0.08507847785949707, 0.08507847785949707], "val_cosine_similarity": [0.0004472943255677819, 0.0004472943255677819, 0.0004472943255677819, 0.0004472943255677819, 0.0004472943255677819, 0.0004472943255677819, 0.0004472943255677819, 0.0004472943255677819, 0.0004472943255677819, 0.0004472943255677819], "val_mae": [0.21711552143096924, 0.21711552143096924, 0.21711552143096924, 0.21711552143096924, 0.21711552143096924, 0.21711552143096924, 0.21711552143096924, 0.21711552143096924, 0.21711552143096924, 0.21711552143096924]}