{"loss": [0.9732764959335327, 0.9731833934783936, 0.9730810523033142, 0.9729890823364258, 0.9729074835777283, 0.9728344678878784, 0.9727663397789001, 0.9727041721343994, 0.9726492166519165, 0.9725982546806335], "mse": [0.9732764959335327, 0.9731833934783936, 0.9730810523033142, 0.9729890823364258, 0.9729074835777283, 0.9728344678878784, 0.9727663397789001, 0.9727041721343994, 0.9726492166519165, 0.9725982546806335], "cosine_similarity": [0.06183610111474991, 0.07743729650974274, 0.07836037129163742, 0.07856029272079468, 0.07872951030731201, 0.07881179451942444, 0.07888729125261307, 0.07898154854774475, 0.0791032537817955, 0.07916633039712906], "mae": [0.779198408126831, 0.7791538238525391, 0.7791046500205994, 0.7790605425834656, 0.7790212035179138, 0.778985857963562, 0.7789531350135803, 0.7789234519004822, 0.7788968682289124, 0.7788718938827515], "val_loss": [0.08503489196300507, 0.08497456461191177, 0.0849185585975647, 0.08486873656511307, 0.08482395112514496, 0.08478311449289322, 0.08474691212177277, 0.08471471816301346, 0.08468466997146606, 0.08465570211410522], "val_mse": [0.08503489196300507, 0.08497456461191177, 0.0849185585975647, 0.08486873656511307, 0.08482395112514496, 0.08478311449289322, 0.08474691212177277, 0.08471471816301346, 0.08468466997146606, 0.08465570211410522], "val_cosine_similarity": [0.1623915135860443, 0.16253076493740082, 0.16281631588935852, 0.162927508354187, 0.16298526525497437, 0.16297565400600433, 0.16303762793540955, 0.1633913815021515, 0.163347065448761, 0.16346414387226105], "val_mae": [0.2170448750257492, 0.21694841980934143, 0.21685783565044403, 0.2167767733335495, 0.2167043685913086, 0.2166385054588318, 0.21658000349998474, 0.2165275514125824, 0.21647894382476807, 0.21643203496932983]}