{"loss": [0.966111958026886, 0.9618566036224365, 0.9604164361953735, 0.9588343501091003, 0.9575014114379883, 0.9567712545394897, 0.9565868973731995, 0.9566260576248169, 0.9565077424049377, 0.9565930366516113], "mse": [0.9724252223968506, 0.9705687165260315, 0.9691822528839111, 0.9676552414894104, 0.9663434624671936, 0.9656060934066772, 0.9654310941696167, 0.9654625654220581, 0.965374767780304, 0.9654372334480286], "cosine_similarity": [0.06313323229551315, 0.08712185174226761, 0.08765845000743866, 0.08820891380310059, 0.08842173963785172, 0.08834818750619888, 0.08844132721424103, 0.08836495876312256, 0.08867061138153076, 0.08844231814146042], "mae": [0.7787831425666809, 0.7778675556182861, 0.7771670818328857, 0.7763985991477966, 0.7756758332252502, 0.7752270698547363, 0.7750658988952637, 0.7750576734542847, 0.7750453948974609, 0.7750840187072754], "val_loss": [0.06575669348239899, 0.06452027708292007, 0.06411910802125931, 0.0636778175830841, 0.06398338079452515, 0.06474386900663376, 0.0650179535150528, 0.06521738320589066, 0.06489409506320953, 0.06498236209154129], "val_mse": [0.08391571044921875, 0.08312997221946716, 0.0825691893696785, 0.0822267159819603, 0.08250875771045685, 0.08323091268539429, 0.083587147295475, 0.08370784670114517, 0.08342666923999786, 0.08345857262611389], "val_cosine_similarity": [0.18159013986587524, 0.1860969215631485, 0.1845007687807083, 0.18548895418643951, 0.18525367975234985, 0.18487043678760529, 0.18569190800189972, 0.18490464985370636, 0.18532568216323853, 0.1847621351480484], "val_mae": [0.215235635638237, 0.21389652788639069, 0.21296262741088867, 0.21234911680221558, 0.21272705495357513, 0.21395331621170044, 0.2143765389919281, 0.21467024087905884, 0.21422310173511505, 0.21430279314517975]}