{"loss": [12.588359832763672, 12.574021339416504, 12.535200119018555, 12.506966590881348, 12.493240356445312, 12.48782730102539, 12.485576629638672, 12.484648704528809, 12.484380722045898, 12.484086036682129, 12.484000205993652, 12.48365592956543, 12.483865737915039, 12.48388957977295, 12.483597755432129, 12.48367977142334, 12.483595848083496, 12.483518600463867, 12.483419418334961, 12.483522415161133], "mse": [12.592815399169922, 12.580313682556152, 12.542879104614258, 12.515615463256836, 12.50240421295166, 12.497200965881348, 12.495036125183105, 12.49414348602295, 12.493885040283203, 12.493600845336914, 12.493520736694336, 12.493186950683594, 12.493390083312988, 12.493412971496582, 12.493131637573242, 12.493212699890137, 12.493130683898926, 12.49305534362793, 12.492960929870605, 12.493059158325195], "cosine_similarity": [0.04457549378275871, 0.06293246150016785, 0.07678123563528061, 0.0864890068769455, 0.09163683652877808, 0.09374577552080154, 0.09458903223276138, 0.09494677931070328, 0.09504780918359756, 0.09514661878347397, 0.09521292895078659, 0.09531284123659134, 0.09524552524089813, 0.09524266421794891, 0.0953475683927536, 0.09531746804714203, 0.0953424945473671, 0.09537425637245178, 0.09539946168661118, 0.09537673741579056], "mae": [3.095501184463501, 3.094332218170166, 3.089146375656128, 3.085430383682251, 3.08354115486145, 3.0827934741973877, 3.08244252204895, 3.0822720527648926, 3.082207441329956, 3.082179069519043, 3.0821919441223145, 3.082134962081909, 3.082134485244751, 3.0821542739868164, 3.082119941711426, 3.0821166038513184, 3.0820984840393066, 3.082106828689575, 3.0820963382720947, 3.082087516784668], "val_loss": [2.1326682567596436, 2.1093783378601074, 2.0753374099731445, 2.0575144290924072, 2.0499696731567383, 2.046149969100952, 2.0453684329986572, 2.0448520183563232, 2.0448431968688965, 2.0447325706481934, 2.044078826904297, 2.0443477630615234, 2.0446231365203857, 2.0443809032440186, 2.04445219039917, 2.044502019882202, 2.044602155685425, 2.044273614883423, 2.0444228649139404, 2.0446391105651855], "val_mse": [2.1432950496673584, 2.1228036880493164, 2.091160774230957, 2.074735164642334, 2.06781005859375, 2.0642740726470947, 2.063593864440918, 2.063112258911133, 2.063126802444458, 2.0630156993865967, 2.0624022483825684, 2.0626606941223145, 2.06292724609375, 2.0626895427703857, 2.0627574920654297, 2.06280517578125, 2.062910318374634, 2.0625956058502197, 2.062736988067627, 2.06295108795166], "val_cosine_similarity": [0.10626618564128876, 0.1342550814151764, 0.15823513269424438, 0.17220668494701385, 0.17840445041656494, 0.18124084174633026, 0.18225236237049103, 0.18260301649570465, 0.18283432722091675, 0.18283092975616455, 0.1832333505153656, 0.18313060700893402, 0.18304218351840973, 0.18308529257774353, 0.18305492401123047, 0.18303024768829346, 0.18308082222938538, 0.1832188218832016, 0.18314070999622345, 0.18312180042266846], "val_mae": [1.1135084629058838, 1.1058828830718994, 1.091798186302185, 1.0840932130813599, 1.0806622505187988, 1.0789200067520142, 1.078691005706787, 1.0784447193145752, 1.0784372091293335, 1.0785046815872192, 1.0781898498535156, 1.0782967805862427, 1.0784249305725098, 1.0782873630523682, 1.078380823135376, 1.0783793926239014, 1.0784626007080078, 1.078299880027771, 1.0783644914627075, 1.0784879922866821]}