{"loss": [1.0542501211166382, 1.0494722127914429, 0.9663342237472534, 0.9586915969848633, 0.9576860666275024, 0.9571384787559509, 0.9569770097732544, 0.9570872783660889, 0.9571601152420044, 0.9570245146751404, 0.957002580165863, 0.9569560885429382, 0.9568940997123718, 0.9568296074867249, 0.9568281769752502, 0.9568344950675964, 0.9567017555236816, 0.9568572044372559, 0.9567694067955017, 0.9568226933479309], "mse": [1.0576698780059814, 1.0547127723693848, 0.9740442037582397, 0.96683269739151, 0.9661783576011658, 0.9657827019691467, 0.9656874537467957, 0.9657585620880127, 0.9658092260360718, 0.9657201170921326, 0.9657021164894104, 0.965679407119751, 0.9656304717063904, 0.965584397315979, 0.965593159198761, 0.965594470500946, 0.9655051827430725, 0.9655994772911072, 0.9655445218086243, 0.9655832052230835], "cosine_similarity": [0.034198544919490814, 0.052404701709747314, 0.07709930837154388, 0.0814124271273613, 0.08492390066385269, 0.08644227683544159, 0.0871046632528305, 0.08671361207962036, 0.08649089932441711, 0.08695635199546814, 0.08699584007263184, 0.08723349124193192, 0.08736304938793182, 0.08754710853099823, 0.0876496285200119, 0.08759938180446625, 0.08803359419107437, 0.0874219611287117, 0.08775193244218826, 0.08760443329811096], "mae": [0.8121422529220581, 0.8109146356582642, 0.7784111499786377, 0.7757055759429932, 0.7753162384033203, 0.7752029895782471, 0.7751511931419373, 0.7751663327217102, 0.7752004861831665, 0.7751685380935669, 0.7751699686050415, 0.7751432061195374, 0.7751253247261047, 0.7751141786575317, 0.775117814540863, 0.775107741355896, 0.7750793099403381, 0.7751343846321106, 0.7750945091247559, 0.7751230597496033], "val_loss": [0.21754033863544464, 0.10320665687322617, 0.07074286788702011, 0.06624440848827362, 0.06560780853033066, 0.06542132049798965, 0.06496336311101913, 0.06524041295051575, 0.06508902460336685, 0.06558040529489517, 0.06560695916414261, 0.06497684121131897, 0.0653189942240715, 0.06523486971855164, 0.06506584584712982, 0.06508657336235046, 0.06516481190919876, 0.06556578725576401, 0.06518099457025528, 0.06509798765182495], "val_mse": [0.22767680883407593, 0.11732469499111176, 0.08651632070541382, 0.0844964012503624, 0.08396806567907333, 0.08384214341640472, 0.0836072713136673, 0.08372844755649567, 0.08360534906387329, 0.08390991389751434, 0.0839717760682106, 0.08359497040510178, 0.08376619219779968, 0.08370882272720337, 0.0835813507437706, 0.0836399719119072, 0.08367367833852768, 0.08389496058225632, 0.0837029442191124, 0.08362606912851334], "val_cosine_similarity": [0.10136471688747406, 0.1411803662776947, 0.15773451328277588, 0.18251989781856537, 0.18360260128974915, 0.18420818448066711, 0.1864391565322876, 0.1848803460597992, 0.18516315519809723, 0.18329496681690216, 0.18364818394184113, 0.1861812174320221, 0.1844719499349594, 0.18473947048187256, 0.18515504896640778, 0.18553394079208374, 0.1850886195898056, 0.18329177796840668, 0.185219407081604, 0.18528084456920624], "val_mae": [0.3925366997718811, 0.2637275457382202, 0.21982742846012115, 0.21587301790714264, 0.21491965651512146, 0.2149169147014618, 0.2144852876663208, 0.2146994024515152, 0.21442916989326477, 0.21504032611846924, 0.2151414453983307, 0.21437835693359375, 0.2146795690059662, 0.21461908519268036, 0.21446868777275085, 0.21450091898441315, 0.21458843350410461, 0.21498626470565796, 0.21462146937847137, 0.21461395919322968]}