{"loss": [1.0171597003936768, 1.0595417022705078, 1.0181257724761963, 0.9816494584083557, 0.9653215408325195, 0.9590192437171936, 0.9571916460990906, 0.956667959690094, 0.9565632939338684, 0.9565508961677551, 0.956531286239624, 0.956526517868042, 0.9565180540084839, 0.9565053582191467, 0.956485390663147, 0.956464409828186, 0.9564796686172485, 0.9564481377601624, 0.9564410448074341, 0.9564591646194458, 0.9564216136932373, 0.9564400315284729, 0.9564220905303955, 0.956439733505249, 0.9564204812049866, 0.9564133882522583, 0.9564530253410339, 0.9564412236213684, 0.9564178586006165, 0.9563930034637451, 0.956402063369751, 0.9563730955123901, 0.9564011693000793, 0.9563945531845093, 0.956404447555542, 0.9563905000686646, 0.956394374370575, 0.9563732147216797, 0.9563702344894409, 0.9563949704170227], "mse": [1.0216957330703735, 1.0654202699661255, 1.024560809135437, 0.988821804523468, 0.9732589721679688, 0.9675474166870117, 0.9659718871116638, 0.9655214548110962, 0.9654310345649719, 0.9654213190078735, 0.9653971195220947, 0.9653851389884949, 0.9653840065002441, 0.9653762578964233, 0.9653639793395996, 0.9653501510620117, 0.965359091758728, 0.9653370976448059, 0.9653308987617493, 0.9653432965278625, 0.965317964553833, 0.9653311967849731, 0.9653223752975464, 0.9653363227844238, 0.9653206467628479, 0.9653153419494629, 0.9653400778770447, 0.9653294682502747, 0.9653148651123047, 0.9653009176254272, 0.9653071165084839, 0.9652882814407349, 0.9653117656707764, 0.9653056859970093, 0.9653089642524719, 0.9652992486953735, 0.9653013348579407, 0.9652891159057617, 0.965286135673523, 0.9653051495552063], "cosine_similarity": [0.04536132887005806, 0.05878478288650513, 0.0643492266535759, 0.07172344624996185, 0.07937414199113846, 0.08528260886669159, 0.08780206739902496, 0.08853470534086227, 0.08867768943309784, 0.08870381116867065, 0.08865878731012344, 0.08858741819858551, 0.08865926414728165, 0.08870946615934372, 0.08878706395626068, 0.08885717391967773, 0.08879359066486359, 0.08889015018939972, 0.08889810740947723, 0.08884105831384659, 0.08896399289369583, 0.08891226351261139, 0.08900309354066849, 0.08896678686141968, 0.08900164067745209, 0.08901997655630112, 0.08886916935443878, 0.08888315409421921, 0.08896984159946442, 0.0890786200761795, 0.08905082941055298, 0.08915238827466965, 0.0891050174832344, 0.08911158889532089, 0.08904621005058289, 0.08908827602863312, 0.08906978368759155, 0.08916058391332626, 0.0891585648059845, 0.08910302817821503], "mae": [0.7978262305259705, 0.8155559301376343, 0.7989848852157593, 0.7844142913818359, 0.7780900597572327, 0.775783360004425, 0.775184690952301, 0.7750324606895447, 0.7750096917152405, 0.7750272154808044, 0.775029718875885, 0.775028645992279, 0.7750350832939148, 0.7750312089920044, 0.7750216722488403, 0.7750194072723389, 0.7750237584114075, 0.7750171422958374, 0.7750213742256165, 0.7750256061553955, 0.7750201225280762, 0.7750213742256165, 0.7750147581100464, 0.7750152945518494, 0.7750133275985718, 0.7750111222267151, 0.7750242948532104, 0.7750211358070374, 0.7750162482261658, 0.7750042676925659, 0.775006890296936, 0.7750011086463928, 0.7750107049942017, 0.7750077247619629, 0.775010883808136, 0.7750096917152405, 0.7750065326690674, 0.7750022411346436, 0.7750014066696167, 0.7750093340873718], "val_loss": [0.18672652542591095, 0.16509190201759338, 0.1140509769320488, 0.08624886721372604, 0.0736110508441925, 0.06868671625852585, 0.06655841320753098, 0.0658503994345665, 0.06541739404201508, 0.06511794030666351, 0.065341055393219, 0.0653018057346344, 0.0651974081993103, 0.06512279808521271, 0.06520526856184006, 0.06507034599781036, 0.06515556573867798, 0.0650797113776207, 0.065081387758255, 0.0651119202375412, 0.06510574370622635, 0.0650850310921669, 0.06508331000804901, 0.06500526517629623, 0.06512250006198883, 0.06509855389595032, 0.06517000496387482, 0.06513180583715439, 0.06509063392877579, 0.06510152667760849, 0.06510816514492035, 0.0650637149810791, 0.06500483304262161, 0.06506814807653427, 0.06511031836271286, 0.06509089469909668, 0.0651264488697052, 0.06506365537643433, 0.06511387974023819, 0.06508316844701767], "val_mse": [0.19808417558670044, 0.17739669978618622, 0.12779933214187622, 0.10171324014663696, 0.09068486839532852, 0.08664138615131378, 0.08494008332490921, 0.08431342989206314, 0.08395453542470932, 0.08371184021234512, 0.08381716907024384, 0.08374929428100586, 0.08368255943059921, 0.08364339172840118, 0.08369805663824081, 0.08360488712787628, 0.08364908397197723, 0.08359874784946442, 0.08360430598258972, 0.08360641449689865, 0.08360086381435394, 0.08359605073928833, 0.08359865844249725, 0.08355984836816788, 0.08361402153968811, 0.08360171318054199, 0.08364908397197723, 0.08362222462892532, 0.08360015600919724, 0.08361675590276718, 0.08361006528139114, 0.08358468115329742, 0.08354685455560684, 0.08357999473810196, 0.08360700309276581, 0.08359679579734802, 0.08362338691949844, 0.08357681334018707, 0.08361203223466873, 0.08359070122241974], "val_cosine_similarity": [0.11357645690441132, 0.12304800748825073, 0.13748344779014587, 0.15464365482330322, 0.17073814570903778, 0.1795467734336853, 0.18381670117378235, 0.18463027477264404, 0.18537144362926483, 0.18593905866146088, 0.18476109206676483, 0.18447493016719818, 0.18485145270824432, 0.18520595133304596, 0.18492774665355682, 0.18534551560878754, 0.18493510782718658, 0.18519026041030884, 0.18522915244102478, 0.18494492769241333, 0.18495115637779236, 0.18511013686656952, 0.18515349924564362, 0.18554577231407166, 0.18491525948047638, 0.18503154814243317, 0.18479080498218536, 0.18490415811538696, 0.1850951761007309, 0.18515224754810333, 0.18501903116703033, 0.18520961701869965, 0.1854202300310135, 0.1851183921098709, 0.18496689200401306, 0.18505902588367462, 0.1849694848060608, 0.18513156473636627, 0.18498149514198303, 0.18507534265518188], "val_mae": [0.3612515926361084, 0.33931803703308105, 0.27953633666038513, 0.24289098381996155, 0.22592395544052124, 0.21942779421806335, 0.2166258692741394, 0.21564340591430664, 0.21501876413822174, 0.2146511822938919, 0.21481533348560333, 0.21469144523143768, 0.21464604139328003, 0.21452878415584564, 0.21460092067718506, 0.21446830034255981, 0.21455568075180054, 0.21446870267391205, 0.2144923359155655, 0.2144971340894699, 0.2145226150751114, 0.21448460221290588, 0.21449027955532074, 0.2143605649471283, 0.2144971489906311, 0.2144910842180252, 0.2145635485649109, 0.21451713144779205, 0.2144831269979477, 0.21448920667171478, 0.21449284255504608, 0.2144729495048523, 0.21441315114498138, 0.2144436240196228, 0.21447966992855072, 0.21448282897472382, 0.21450170874595642, 0.21444843709468842, 0.21449103951454163, 0.21446861326694489]}