{"loss": [1.0505534410476685, 1.041159749031067, 0.963731050491333, 0.9586789011955261, 0.9576405882835388, 0.9573712944984436, 0.9574326872825623, 0.9574156403541565, 0.9573590159416199, 0.9575777053833008, 0.9575659036636353, 0.9575401544570923, 0.957410991191864, 0.9573366045951843, 0.9575261473655701, 0.9574969410896301, 0.9575307369232178, 0.9573299884796143, 0.9573591947555542, 0.9575604200363159], "mse": [1.054296612739563, 1.0467060804367065, 0.971401035785675, 0.9668741822242737, 0.9661504030227661, 0.9659540057182312, 0.9659824371337891, 0.9659713506698608, 0.9659432172775269, 0.9660906195640564, 0.9660830497741699, 0.9660747051239014, 0.9659773707389832, 0.9659220576286316, 0.9660568237304688, 0.9660249948501587, 0.9660632610321045, 0.9659193754196167, 0.9659423828125, 0.9660817384719849], "cosine_similarity": [0.03743238374590874, 0.0554630421102047, 0.07669942826032639, 0.08195382356643677, 0.0850987657904625, 0.08582757413387299, 0.0854969248175621, 0.08555731177330017, 0.08584181219339371, 0.08512892574071884, 0.08517201989889145, 0.08534582704305649, 0.08566257357597351, 0.08585402369499207, 0.08530652523040771, 0.08527913689613342, 0.08532361686229706, 0.08589368313550949, 0.08583057671785355, 0.0852126032114029], "mae": [0.8110314607620239, 0.8078351020812988, 0.7774216532707214, 0.7756425142288208, 0.775309145450592, 0.7752537131309509, 0.7752670645713806, 0.7752700448036194, 0.7752438187599182, 0.7753196954727173, 0.7753114104270935, 0.7752992510795593, 0.7752529978752136, 0.7752562165260315, 0.7752804756164551, 0.7752901315689087, 0.7753016352653503, 0.7752446532249451, 0.7752429246902466, 0.7753156423568726], "val_loss": [0.21639896929264069, 0.09494014084339142, 0.06856235861778259, 0.06736406683921814, 0.06502589583396912, 0.06537969410419464, 0.06545868515968323, 0.06571713835000992, 0.06545832008123398, 0.0655159205198288, 0.06614764034748077, 0.06513027846813202, 0.06576903164386749, 0.06525396555662155, 0.06545472890138626, 0.06548138707876205, 0.06555936485528946, 0.06550870090723038, 0.06560037285089493, 0.06566459685564041], "val_mse": [0.2258821427822113, 0.10922452062368393, 0.08516055345535278, 0.08517758548259735, 0.08360490202903748, 0.0838003158569336, 0.08383508771657944, 0.08405434340238571, 0.0838785171508789, 0.08388298004865646, 0.08438600599765778, 0.08365824073553085, 0.08409653604030609, 0.08375417441129684, 0.08393529057502747, 0.08390539884567261, 0.08394497632980347, 0.08390796929597855, 0.08397852629423141, 0.08398997038602829], "val_cosine_similarity": [0.094831682741642, 0.1428438127040863, 0.16598202288150787, 0.17813517153263092, 0.18579000234603882, 0.18420615792274475, 0.18376390635967255, 0.1833721101284027, 0.1842019259929657, 0.18367063999176025, 0.18238358199596405, 0.18527954816818237, 0.1832750290632248, 0.1850021332502365, 0.18480552732944489, 0.1842402070760727, 0.18385623395442963, 0.1839926838874817, 0.18378150463104248, 0.1832536906003952], "val_mae": [0.3921232521533966, 0.2531011998653412, 0.21724402904510498, 0.21687717735767365, 0.2145255208015442, 0.21472522616386414, 0.2148212194442749, 0.21533742547035217, 0.2149357944726944, 0.2150547057390213, 0.21544648706912994, 0.21460868418216705, 0.21525365114212036, 0.2148108035326004, 0.21484863758087158, 0.21507282555103302, 0.2150527387857437, 0.21502685546875, 0.21512912213802338, 0.21506881713867188]}