{"loss": [1.0101308822631836, 1.0050432682037354, 1.0004585981369019, 0.9948793649673462, 0.979629635810852, 0.9546194076538086, 0.9342085719108582, 0.9220781326293945, 0.9113008379936218, 0.9109360575675964, 0.9006950259208679, 0.8914998769760132, 0.8731347918510437, 0.8721518516540527, 0.8620209693908691, 0.8549392819404602, 0.850560188293457, 0.8521673083305359, 0.8496102094650269, 0.8441390991210938, 0.831786036491394, 0.8197563290596008, 0.8118384480476379, 0.8007271885871887, 0.7866009473800659, 0.7861371636390686, 0.7647255659103394, 0.749153733253479, 0.7563157677650452, 0.7413634657859802, 0.7470892667770386, 0.7293499708175659, 0.7327903509140015, 0.7320352792739868, 0.7295536398887634, 0.7245671153068542, 0.7264501452445984, 0.7172117829322815, 0.7249910235404968, 0.723002552986145, 0.7130885124206543, 0.7129272222518921, 0.7135316133499146, 0.7143639922142029, 0.7072371244430542, 0.705907940864563, 0.7012179493904114, 0.7052925229072571, 0.7047732472419739, 0.6947594881057739, 0.7006312012672424, 0.7050302028656006, 0.6965933442115784, 0.7019460797309875, 0.6967600584030151, 0.6886904239654541, 0.6974890828132629, 0.6907292604446411, 0.6867495775222778, 0.6935491561889648, 0.6827108263969421, 0.6807674169540405, 0.6790202856063843, 0.6844711303710938, 0.6836961507797241, 0.6777527928352356, 0.678356409072876, 0.6773119568824768, 0.6750891208648682, 0.6761159300804138, 0.6776199340820312, 0.6721614599227905, 0.6709824204444885, 0.6744853258132935, 0.6663102507591248, 0.6650928258895874, 0.6642550230026245, 0.6647394299507141, 0.6601069569587708, 0.6611732244491577, 0.6591599583625793, 0.6595602035522461, 0.6643175482749939, 0.653799831867218, 0.6524760127067566, 0.6471139192581177, 0.6462262868881226, 0.6455743908882141, 0.6516515612602234, 0.6464699506759644, 0.6461771726608276, 0.6406677961349487, 0.6408329010009766, 0.6454445719718933, 0.6458500623703003, 0.6325379014015198, 0.6333701610565186, 0.6376761198043823, 0.6301298141479492, 0.6320350766181946], "mse": [1.004138469696045, 1.0024993419647217, 1.0007779598236084, 0.9994100332260132, 0.9917342066764832, 0.9722344279289246, 0.9547486305236816, 0.9461081624031067, 0.9358168840408325, 0.9366725087165833, 0.9274924993515015, 0.919730007648468, 0.9044051170349121, 0.9031599760055542, 0.8940337896347046, 0.8877314329147339, 0.8836830258369446, 0.8856757879257202, 0.8838000297546387, 0.8783543705940247, 0.8687350153923035, 0.8573015332221985, 0.8504117727279663, 0.8406497240066528, 0.8272492289543152, 0.8268706202507019, 0.8075849413871765, 0.7936033010482788, 0.8004683256149292, 0.7867122888565063, 0.7910566329956055, 0.775714635848999, 0.7785064578056335, 0.7777671813964844, 0.7753604650497437, 0.7709678411483765, 0.7725361585617065, 0.7641745805740356, 0.7714217901229858, 0.7694092988967896, 0.7602949142456055, 0.7604396939277649, 0.7609564065933228, 0.761614978313446, 0.754988431930542, 0.7539491057395935, 0.7496346235275269, 0.7531178593635559, 0.7527855634689331, 0.7435047030448914, 0.748968780040741, 0.7534882426261902, 0.745166540145874, 0.7502228021621704, 0.7452564835548401, 0.7378350496292114, 0.7462835311889648, 0.740021824836731, 0.7362704873085022, 0.7426503300666809, 0.7324874997138977, 0.7305923700332642, 0.7293012142181396, 0.7341298460960388, 0.7334460020065308, 0.7280320525169373, 0.7282058596611023, 0.7275013327598572, 0.7253929972648621, 0.7264413833618164, 0.7280691862106323, 0.722883403301239, 0.7214953303337097, 0.7248898148536682, 0.7174689769744873, 0.7165271043777466, 0.7153612375259399, 0.7159494757652283, 0.7116802930831909, 0.7125669717788696, 0.7108472585678101, 0.7113384008407593, 0.715630292892456, 0.7059506177902222, 0.7045470476150513, 0.6996570825576782, 0.6987085938453674, 0.6981195211410522, 0.7039301991462708, 0.6990572810173035, 0.6986940503120422, 0.6937260627746582, 0.6939488649368286, 0.6979411244392395, 0.6986462473869324, 0.6862351894378662, 0.6868764758110046, 0.6906371116638184, 0.6840930581092834, 0.6858792304992676], "cosine_similarity": [-0.05992306396365166, -0.025440648198127747, 0.003193972632288933, 0.045306991785764694, 0.12104733288288116, 0.17615076899528503, 0.20540039241313934, 0.240299791097641, 0.2451600581407547, 0.25736314058303833, 0.2679750621318817, 0.282301664352417, 0.31270304322242737, 0.3100818693637848, 0.3201291859149933, 0.32792145013809204, 0.33122897148132324, 0.3350842595100403, 0.3418974280357361, 0.3421524167060852, 0.3694881498813629, 0.3754512369632721, 0.38573288917541504, 0.3992253243923187, 0.4064829349517822, 0.40733495354652405, 0.42859405279159546, 0.4444958567619324, 0.441525936126709, 0.4534878730773926, 0.4396727681159973, 0.46364665031433105, 0.45716166496276855, 0.4573191702365875, 0.45806851983070374, 0.4640078544616699, 0.46085983514785767, 0.4696279466152191, 0.4643073081970215, 0.4640675485134125, 0.4720640778541565, 0.4751242697238922, 0.4742484986782074, 0.47251003980636597, 0.47751283645629883, 0.48041123151779175, 0.4841664731502533, 0.4782527983188629, 0.4801233410835266, 0.48745208978652954, 0.4833762049674988, 0.4845804274082184, 0.48573240637779236, 0.4827679991722107, 0.4849632680416107, 0.49144619703292847, 0.4879445433616638, 0.49292516708374023, 0.4952085018157959, 0.4910110831260681, 0.4977665841579437, 0.4982495903968811, 0.5028098821640015, 0.49658697843551636, 0.49749892950057983, 0.5027927160263062, 0.49849504232406616, 0.5018942356109619, 0.5030397772789001, 0.503254234790802, 0.5044922232627869, 0.5072190165519714, 0.5051292181015015, 0.5040450096130371, 0.5115869641304016, 0.5143431425094604, 0.5110614895820618, 0.5121011137962341, 0.5157334804534912, 0.5139374732971191, 0.5168730020523071, 0.5177813172340393, 0.5131272077560425, 0.5215082168579102, 0.5207100510597229, 0.5254319310188293, 0.5248225927352905, 0.5254514217376709, 0.5227864384651184, 0.5258734822273254, 0.525168776512146, 0.5305830240249634, 0.5311586260795593, 0.5249646306037903, 0.5279618501663208, 0.5369725823402405, 0.5350634455680847, 0.5296095609664917, 0.5396326780319214, 0.5384421944618225],