{"loss": [1.0920125246047974, 1.0037314891815186, 0.9620320796966553, 0.9583227634429932, 0.9577203392982483, 0.957370400428772, 0.9571071267127991, 0.9571958184242249, 0.957260251045227, 0.956987202167511], "mse": [1.0935934782028198, 1.0094385147094727, 0.9695411920547485, 0.9666000604629517, 0.9661824703216553, 0.9659684300422668, 0.9657788276672363, 0.9658243656158447, 0.9658766388893127, 0.965684711933136], "cosine_similarity": [0.015808088704943657, 0.057070694863796234, 0.07509134709835052, 0.08277192711830139, 0.08461980521678925, 0.08597957342863083, 0.08671680092811584, 0.08628594875335693, 0.08616416156291962, 0.08697546273469925], "mae": [0.8266050815582275, 0.7927259206771851, 0.7767744660377502, 0.7755281329154968, 0.77536541223526, 0.7752624154090881, 0.7751754522323608, 0.7752227783203125, 0.7752304077148438, 0.7751541137695312], "val_loss": [0.19890433549880981, 0.07118646055459976, 0.06878533959388733, 0.06553595513105392, 0.0657656118273735, 0.06509503722190857, 0.06541174650192261, 0.06546769291162491, 0.06506789475679398, 0.06560774147510529], "val_mse": [0.20603083074092865, 0.08869079500436783, 0.08575142920017242, 0.08390146493911743, 0.08407223969697952, 0.08362827450037003, 0.08383380621671677, 0.08390243351459503, 0.08364957571029663, 0.0839100256562233], "val_cosine_similarity": [0.07126475125551224, 0.17504329979419708, 0.16966083645820618, 0.18365506827831268, 0.18306632339954376, 0.1853323131799698, 0.18422071635723114, 0.18434740602970123, 0.18581688404083252, 0.1830229014158249], "val_mae": [0.3706071376800537, 0.22195571660995483, 0.21782439947128296, 0.21491022408008575, 0.21539008617401123, 0.21453993022441864, 0.21478061378002167, 0.2150549292564392, 0.2145525962114334, 0.21492940187454224]}