{"loss": [1.0648059844970703, 1.0622406005859375, 0.9702316522598267, 0.9592384696006775, 0.9572225213050842, 0.9570361375808716, 0.9569880366325378, 0.9568243622779846, 0.9568424224853516, 0.9568361639976501], "mse": [1.066786527633667, 1.0661242008209229, 0.9772857427597046, 0.9673498272895813, 0.9658707976341248, 0.9657254815101624, 0.9656867384910583, 0.9655875563621521, 0.9655907154083252, 0.9655933380126953], "cosine_similarity": [0.01980423368513584, 0.038835156708955765, 0.07054095715284348, 0.08111418038606644, 0.08648298680782318, 0.08689290285110474, 0.08698665350675583, 0.08763012290000916, 0.0874808058142662, 0.08757204562425613], "mae": [0.8158990144729614, 0.8155466914176941, 0.7797414064407349, 0.7758686542510986, 0.7752009034156799, 0.7751617431640625, 0.7751612067222595, 0.7751006484031677, 0.7751215696334839, 0.7751173377037048], "val_loss": [0.22671929001808167, 0.11078187823295593, 0.07162712514400482, 0.06594958156347275, 0.06554606556892395, 0.06529080122709274, 0.0650288388133049, 0.06510304659605026, 0.06527911126613617, 0.06505925953388214], "val_mse": [0.23398379981517792, 0.12264013290405273, 0.08796306699514389, 0.08421628922224045, 0.08396051079034805, 0.08373937755823135, 0.08357271552085876, 0.08363545686006546, 0.08372854441404343, 0.08358824998140335], "val_cosine_similarity": [0.0726453959941864, 0.11858255416154861, 0.16335923969745636, 0.18266713619232178, 0.18414455652236938, 0.1844857782125473, 0.18543872237205505, 0.18532401323318481, 0.1844942420721054, 0.1852899193763733], "val_mae": [0.4001407325267792, 0.272002637386322, 0.2216743528842926, 0.21555165946483612, 0.21504682302474976, 0.21470333635807037, 0.21436721086502075, 0.21446532011032104, 0.21463905274868011, 0.2145117223262787]}