{"loss": [97.13196563720703, 96.83328247070312, 96.58612060546875, 96.5556869506836, 96.54618835449219, 96.54698944091797, 96.53984069824219, 96.54067993164062, 96.53994750976562, 96.54457092285156, 96.54545593261719, 96.54319763183594, 96.53178405761719, 96.54563903808594, 96.53469848632812, 96.53270721435547, 96.53401947021484, 96.54508972167969, 96.55350494384766, 96.58367156982422], "mse": [97.1370849609375, 96.84088897705078, 96.59471130371094, 96.56441497802734, 96.55491638183594, 96.55573272705078, 96.54862976074219, 96.54947662353516, 96.54874420166016, 96.55333709716797, 96.55422973632812, 96.5519790649414, 96.54061126708984, 96.55441284179688, 96.54351806640625, 96.54153442382812, 96.54285430908203, 96.55386352539062, 96.56233215332031, 96.59248352050781], "cosine_similarity": [0.05117981135845184, 0.07599589228630066, 0.08599908649921417, 0.08740656077861786, 0.08730344474315643, 0.08736833930015564, 0.08793234080076218, 0.08791381865739822, 0.0879632830619812, 0.0877971351146698, 0.08775179088115692, 0.08787955343723297, 0.08829960972070694, 0.08770937472581863, 0.08816427737474442, 0.08829838037490845, 0.0883140042424202, 0.08780679106712341, 0.08819993585348129, 0.0881350189447403], "mae": [7.782321929931641, 7.767245292663574, 7.75384521484375, 7.751240253448486, 7.751366138458252, 7.751727104187012, 7.751358985900879, 7.751126289367676, 7.751136302947998, 7.751257419586182, 7.751316547393799, 7.751621723175049, 7.75083589553833, 7.751074314117432, 7.75112771987915, 7.750958442687988, 7.750965118408203, 7.751142501831055, 7.751915454864502, 7.7545905113220215], "val_loss": [8.336899757385254, 8.255021095275879, 8.366626739501953, 8.361490249633789, 8.328760147094727, 8.32748794555664, 8.318286895751953, 8.33201789855957, 8.316798210144043, 8.338981628417969, 8.318942070007324, 8.314428329467773, 8.352049827575684, 8.347657203674316, 8.315242767333984, 8.336400985717773, 8.320865631103516, 8.34561538696289, 8.228080749511719, 8.244671821594238], "val_mse": [8.350683212280273, 8.272368431091309, 8.385093688964844, 8.379834175109863, 8.347027778625488, 8.345829010009766, 8.336791038513184, 8.350502967834473, 8.335236549377441, 8.357422828674316, 8.337326049804688, 8.332921981811523, 8.370488166809082, 8.365984916687012, 8.33365249633789, 8.354820251464844, 8.339327812194824, 8.364022254943848, 8.246253967285156, 8.26298713684082], "val_cosine_similarity": [0.13783800601959229, 0.17347055673599243, 0.18466144800186157, 0.18343257904052734, 0.18268238008022308, 0.18340831995010376, 0.1850413829088211, 0.18485064804553986, 0.1843775361776352, 0.1844155490398407, 0.18383947014808655, 0.18493452668190002, 0.18439225852489471, 0.18327319622039795, 0.18409442901611328, 0.18420249223709106, 0.18462640047073364, 0.18406997621059418, 0.18173107504844666, 0.18315403163433075], "val_mae": [2.1454017162323, 2.1314995288848877, 2.1487624645233154, 2.1478140354156494, 2.1436357498168945, 2.1429765224456787, 2.1412465572357178, 2.1430978775024414, 2.141111135482788, 2.1442644596099854, 2.142115592956543, 2.1401774883270264, 2.146362066268921, 2.1462349891662598, 2.140695571899414, 2.144681453704834, 2.1414895057678223, 2.144900321960449, 2.126911163330078, 2.1296043395996094]}