{"loss": [1.005639672279358, 1.043980360031128, 1.0119916200637817, 0.9823980927467346, 0.9674218893051147, 0.9608674049377441, 0.9581354856491089, 0.9571004509925842, 0.95672208070755, 0.9565356373786926, 0.9564669728279114, 0.956468403339386, 0.9564182758331299, 0.9564145803451538, 0.9564498662948608, 0.9564011693000793, 0.9564045071601868, 0.956380307674408, 0.9563801884651184, 0.9563655853271484], "mse": [1.0105587244033813, 1.049924612045288, 1.018475890159607, 0.9895468950271606, 0.9752331376075745, 0.9692277312278748, 0.9668071269989014, 0.9659131765365601, 0.9655947685241699, 0.9654268622398376, 0.9653599262237549, 0.9653624296188354, 0.9653207659721375, 0.9653157591819763, 0.9653477072715759, 0.9653080105781555, 0.9653103351593018, 0.9652921557426453, 0.9652928709983826, 0.9652841091156006], "cosine_similarity": [0.049190644174814224, 0.059443339705467224, 0.06484231352806091, 0.0714881420135498, 0.07811296731233597, 0.08360301703214645, 0.08671629428863525, 0.08812909573316574, 0.08872655779123306, 0.08891112357378006, 0.08892859518527985, 0.08894006907939911, 0.08902519941329956, 0.08901318162679672, 0.08897822350263596, 0.08906912803649902, 0.08905845880508423, 0.08911889046430588, 0.08912550657987595, 0.08918529748916626], "mae": [0.7932478189468384, 0.8089545965194702, 0.796301007270813, 0.7845467329025269, 0.7787588238716125, 0.7763718962669373, 0.7754518389701843, 0.7751345634460449, 0.7750392556190491, 0.7750002145767212, 0.7749930620193481, 0.7750023007392883, 0.7749918699264526, 0.774997353553772, 0.7750141620635986, 0.7750006914138794, 0.7750034332275391, 0.7749979496002197, 0.7750003933906555, 0.7749952077865601], "val_loss": [0.16525886952877045, 0.15037615597248077, 0.11079990118741989, 0.08714822679758072, 0.07557862997055054, 0.07014751434326172, 0.06771930307149887, 0.06662005186080933, 0.06595965474843979, 0.06574538350105286, 0.06563274562358856, 0.06541470438241959, 0.06533963978290558, 0.0652598887681961, 0.06513510644435883, 0.06523916125297546, 0.06516940146684647, 0.06518412381410599, 0.06515451520681381, 0.06517054885625839], "val_mse": [0.17750830948352814, 0.1635371744632721, 0.12520577013492584, 0.10296797007322311, 0.09265958517789841, 0.08802957832813263, 0.08600079268217087, 0.08505208790302277, 0.08446070551872253, 0.08422285318374634, 0.08408941328525543, 0.08390790969133377, 0.08384433388710022, 0.0837828740477562, 0.08366904407739639, 0.08372797071933746, 0.08368463814258575, 0.08369029313325882, 0.0836562067270279, 0.08366581052541733], "val_cosine_similarity": [0.12249431759119034, 0.13161034882068634, 0.14405861496925354, 0.15819725394248962, 0.17080959677696228, 0.17882052063941956, 0.18281494081020355, 0.1843203753232956, 0.18501044809818268, 0.18477460741996765, 0.18456658720970154, 0.18493202328681946, 0.18504688143730164, 0.18522989749908447, 0.18533939123153687, 0.18488800525665283, 0.1851523220539093, 0.18506160378456116, 0.1850169152021408, 0.18495261669158936], "val_mae": [0.33740001916885376, 0.32193148136138916, 0.2750476896762848, 0.24409575760364532, 0.22855296730995178, 0.22137586772441864, 0.21818393468856812, 0.2167244702577591, 0.21582181751728058, 0.2154584527015686, 0.2152555137872696, 0.214956134557724, 0.2148520052433014, 0.2147570103406906, 0.2145918905735016, 0.2147129476070404, 0.21461084485054016, 0.21462033689022064, 0.21458293497562408, 0.21458148956298828]}