{"loss": [0.9732687473297119, 0.9731439352035522, 0.9730117917060852, 0.9728918671607971, 0.9727835059165955, 0.9726901054382324, 0.9726048707962036, 0.9725268483161926, 0.972454845905304, 0.9723883867263794], "mse": [0.9732686281204224, 0.9731439352035522, 0.9730117917060852, 0.9728918671607971, 0.9727835059165955, 0.9726901054382324, 0.9726047515869141, 0.9725268483161926, 0.972454845905304, 0.9723883867263794], "cosine_similarity": [0.05024215206503868, 0.06515264511108398, 0.06595230847597122, 0.06646182388067245, 0.06691230088472366, 0.06729667633771896, 0.06761711090803146, 0.06789285689592361, 0.06815507262945175, 0.06838501989841461], "mae": [0.7791948318481445, 0.7791352868080139, 0.7790716290473938, 0.7790137529373169, 0.7789623737335205, 0.7789173126220703, 0.7788759469985962, 0.7788382768630981, 0.7788035273551941, 0.7787714600563049], "val_loss": [0.08502208441495895, 0.0849432572722435, 0.08487074077129364, 0.08480700850486755, 0.0847519189119339, 0.0847022533416748, 0.0846571996808052, 0.08461620658636093, 0.08457908034324646, 0.08454465121030807], "val_mse": [0.08502208441495895, 0.0849432572722435, 0.08487074077129364, 0.08480700850486755, 0.0847519189119339, 0.0847022533416748, 0.0846571996808052, 0.08461620658636093, 0.08457908034324646, 0.08454465121030807], "val_cosine_similarity": [0.13484421372413635, 0.1358167976140976, 0.1363472193479538, 0.13705162703990936, 0.13801181316375732, 0.13857004046440125, 0.13918712735176086, 0.13978077471256256, 0.14020384848117828, 0.14065566658973694], "val_mae": [0.21702507138252258, 0.21689839661121368, 0.21678191423416138, 0.2166796326637268, 0.21659041941165924, 0.21651038527488708, 0.2164374589920044, 0.21637113392353058, 0.21631096303462982, 0.2162552773952484]}