{"loss": [1.010549545288086, 1.0329952239990234, 1.010399580001831, 1.0461204051971436, 1.0223480463027954, 1.0276421308517456, 1.0184335708618164, 1.0433952808380127, 1.035123586654663, 1.0355479717254639, 1.0187453031539917, 1.0298774242401123, 1.0273789167404175, 0.9966608881950378, 1.0456626415252686, 1.03281569480896, 1.0073292255401611, 1.0283054113388062, 0.9954676628112793, 0.9834802746772766], "mse": [1.0103896856307983, 1.0329039096832275, 1.0103265047073364, 1.046179175376892, 1.0224661827087402, 1.0280243158340454, 1.0190374851226807, 1.0439504384994507, 1.0358188152313232, 1.036278486251831, 1.0197890996932983, 1.0306503772735596, 1.02854323387146, 0.9981789588928223, 1.0471348762512207, 1.0343858003616333, 1.010149598121643, 1.0317604541778564, 0.9997016787528992, 0.9880420565605164], "cosine_similarity": [-0.001597932307049632, -0.0009131417609751225, -0.000731863547116518, 0.000588368100579828, 0.0011804450768977404, 0.0038218419067561626, 0.006039427127689123, 0.005552876740694046, 0.006951616611331701, 0.007305806968361139, 0.010436437092721462, 0.007729840464890003, 0.01164267398416996, 0.015179512090981007, 0.0147221889346838, 0.015699345618486404, 0.028202984482049942, 0.034549959003925323, 0.042340315878391266, 0.04561828821897507], "mae": [0.7962992191314697, 0.8032479286193848, 0.7957226037979126, 0.8080989122390747, 0.799360454082489, 0.8014205694198608, 0.7976689338684082, 0.8077050447463989, 0.8043713569641113, 0.8051161766052246, 0.798766016960144, 0.8017936944961548, 0.8018757104873657, 0.7933798432350159, 0.8092315793037415, 0.8036741018295288, 0.7952459454536438, 0.8028637170791626, 0.7922833561897278, 0.78718101978302], "pearson": [-8.375820470973849e-05, -0.0002271118719363585, 0.00037103553768247366, -0.0001267587358597666, 4.4088545109843835e-05, -0.00010205468424828723, -0.0001779265730874613, -0.0004924688837490976, -1.1934743270103354e-05, -0.0006711147143505514, -0.000611528696026653, 0.00024037074763327837, -0.00031491703703068197, 2.0610048522939906e-05, 0.00014560016279574484, -0.00046497135190293193, 0.0003321224357932806, 0.00021198263857513666, -0.00037806533509865403, -2.8808759452658705e-05]}