{"loss": [1.0026462078094482, 0.9998011589050293, 0.9928089380264282, 0.9810266494750977, 0.9657918810844421, 0.9552879333496094, 0.9348883628845215, 0.9177099466323853, 0.9092769622802734, 0.9125107526779175, 0.8978582620620728, 0.8897041082382202, 0.8815339803695679, 0.8838328123092651, 0.8769776225090027, 0.8655794262886047, 0.8696752786636353, 0.8686921000480652, 0.8607711791992188, 0.8554685711860657, 0.847690224647522, 0.8378936648368835, 0.8361733555793762, 0.837304949760437, 0.8194618225097656, 0.8123840093612671, 0.8103449940681458, 0.7990337610244751, 0.7944765090942383, 0.7933528423309326, 0.7795984745025635, 0.7708011865615845, 0.769288182258606, 0.7638388872146606, 0.7562716007232666, 0.7515386939048767, 0.7544341087341309, 0.751386284828186, 0.7372705340385437, 0.7343626022338867, 0.7326005697250366, 0.7290458679199219, 0.7270827293395996, 0.7027692794799805, 0.6988565921783447, 0.6913398504257202, 0.684269368648529, 0.679340660572052, 0.6730473041534424, 0.6660579442977905, 0.6565805673599243, 0.6497820019721985, 0.6422214508056641, 0.6400178074836731, 0.6356175541877747, 0.6200473308563232, 0.6217242479324341, 0.6112149953842163, 0.6076528429985046, 0.6083257794380188, 0.5900607109069824, 0.5882831811904907, 0.5855634808540344, 0.5777299404144287, 0.5660735368728638, 0.5683587789535522, 0.5591017603874207, 0.5533861517906189, 0.542877733707428, 0.5572108030319214, 0.548380970954895, 0.5311872363090515, 0.5299991965293884, 0.5317589640617371, 0.5272215008735657, 0.5120299458503723, 0.511075496673584, 0.4929050803184509, 0.4944089949131012, 0.48300665616989136], "mse": [1.0013452768325806, 1.0004945993423462, 0.9986056089401245, 0.9939796328544617, 0.9852787256240845, 0.9767080545425415, 0.9605060815811157, 0.9446974992752075, 0.9357560276985168, 0.9374092221260071, 0.9249624013900757, 0.9183063507080078, 0.9115805625915527, 0.9134181141853333, 0.9071494936943054, 0.8973848223686218, 0.9011747241020203, 0.8998082280158997, 0.893113911151886, 0.8890931010246277, 0.881615936756134, 0.8734245300292969, 0.8718239068984985, 0.8725153207778931, 0.857343852519989, 0.8511093258857727, 0.8490781784057617, 0.839310348033905, 0.8349288702011108, 0.8339775204658508, 0.8216158151626587, 0.8134971857070923, 0.8121593594551086, 0.8072834014892578, 0.8000665903091431, 0.7962931394577026, 0.798582136631012, 0.7958887815475464, 0.7825204133987427, 0.7805300951004028, 0.7784076929092407, 0.7751051187515259, 0.7737981677055359, 0.7512747049331665, 0.7475512623786926, 0.7407414317131042, 0.7345574498176575, 0.7296745181083679, 0.7241049408912659, 0.7170912027359009, 0.7087067365646362, 0.7025088667869568, 0.6950132846832275, 0.6931670904159546, 0.6889835596084595, 0.6745833158493042, 0.6762929558753967, 0.6664409637451172, 0.6629385948181152, 0.6638895869255066, 0.6467694044113159, 0.6450595259666443, 0.6424310803413391, 0.6352375745773315, 0.6246371865272522, 0.626355767250061, 0.6180618405342102, 0.6123926043510437, 0.6026071310043335, 0.616019070148468, 0.6077990531921387, 0.591539740562439, 0.5904354453086853, 0.5922297239303589, 0.5882771015167236, 0.574008584022522, 0.5730069279670715, 0.5558587908744812, 0.5574750900268555, 0.5466523170471191], "cosine_similarity": [-0.013009387068450451, 0.00693370308727026, 0.05796638876199722, 0.12952911853790283, 0.19486799836158752, 0.21420133113861084, 0.25617653131484985, 0.2698756754398346, 0.26479044556617737, 0.2489837110042572, 0.27104076743125916, 0.2860226035118103, 0.3004649579524994, 0.29585275053977966, 0.30171847343444824, 0.3180537819862366, 0.3149935305118561, 0.31116119027137756, 0.32342708110809326, 0.33624544739723206, 0.3392571806907654, 0.3553096354007721, 0.35650524497032166, 0.35210371017456055, 0.3788208067417145, 0.38725247979164124, 0.3873322308063507, 0.4027656018733978, 0.4045238494873047, 0.4062464237213135, 0.4201725125312805, 0.42695921659469604, 0.4287119507789612, 0.4344457685947418, 0.43795013427734375, 0.44754356145858765, 0.4414803087711334, 0.4450249671936035, 0.45249834656715393, 0.4616740643978119, 0.4580709934234619, 0.4605920910835266, 0.4671545624732971, 0.4850536286830902, 0.48694658279418945, 0.494016170501709, 0.5028803944587708, 0.5033388137817383, 0.5105765461921692, 0.5103323459625244, 0.5212620496749878, 0.5272687077522278, 0.5279184579849243, 0.5314935445785522, 0.5336602926254272, 0.5453599095344543, 0.5456870794296265, 0.552259087562561, 0.5528573989868164, 0.5556384921073914, 0.5670875310897827, 0.56776362657547, 0.5686764717102051, 0.5750759840011597, 0.5856361985206604, 0.5799695253372192, 0.589600682258606, 0.5900646448135376, 0.5972941517829895, 0.5880826711654663, 0.5941809415817261, 0.6035250425338745, 0.6043623089790344, 0.6047075390815735, 0.6105558276176453, 0.6197869181632996, 0.6193143129348755, 0.6295369267463684, 0.6306614279747009, 0.6364566087722778], "mae": [0.7901653051376343, 0.7897075414657593, 0.7888104319572449, 0.7867355942726135, 0.7827809453010559, 0.7789496183395386, 0.7715612649917603, 0.7640100717544556, 0.7600669264793396, 0.7616401314735413, 0.7563185691833496, 0.7532213926315308, 0.7498564720153809, 0.7516341805458069, 0.7482727766036987, 0.7440472841262817, 0.7457568645477295, 0.7457737326622009, 0.7418838143348694, 0.7398076057434082, 0.7374267578125, 0.7329071164131165, 0.7329074144363403, 0.7346287369728088, 0.7264235019683838, 0.723818302154541, 0.7229169607162476, 0.7190752029418945, 0.7170640826225281, 0.7162879109382629, 0.7118134498596191, 0.708540141582489, 0.7082484364509583, 0.7062679529190063, 0.7026950716972351, 0.699929416179657, 0.7029714584350586, 0.6997032165527344, 0.6965076327323914, 0.6943119168281555, 0.6953149437904358, 0.6933582425117493, 0.6907908916473389, 0.6824451684951782, 0.6810099482536316, 0.6776162385940552, 0.6740161776542664, 0.6721336841583252, 0.6698371767997742, 0.6671116352081299, 0.6629118323326111, 0.6593120098114014, 0.6573789119720459, 0.6563884019851685, 0.6543751955032349, 0.6475657224655151, 0.6479624509811401, 0.6433552503585815, 0.6424185037612915, 0.6412734985351562, 0.6339192986488342, 0.6335638761520386, 0.6316701769828796, 0.6285895109176636, 0.6220269799232483, 0.6243376731872559, 0.6193372011184692, 0.6172472834587097, 0.6120244860649109, 0.6185301542282104, 0.6139211654663086, 0.6068872213363647, 0.6055346727371216, 0.6072708964347839, 0.603132426738739, 0.5973888635635376, 0.5957621335983276, 0.5873186588287354, 0.5886732339859009, 0.5814545750617981],