{"loss": [0.19953130185604095, 0.19857148826122284, 0.19742025434970856, 0.19633343815803528, 0.19530890882015228, 0.19433878362178802, 0.19339673221111298, 0.19247210025787354, 0.19156280159950256, 0.19065499305725098], "mse": [0.9732828736305237, 0.9731977581977844, 0.9731054902076721, 0.9730497002601624, 0.9729974269866943, 0.9729750752449036, 0.9729647636413574, 0.9729694724082947, 0.9729844331741333, 0.9730125069618225], "cosine_similarity": [0.011985144577920437, 0.014892215840518475, 0.015361081808805466, 0.015708446502685547, 0.016117779538035393, 0.01646300032734871, 0.016809452325105667, 0.01715410314500332, 0.01751147024333477, 0.017845118418335915], "mae": [0.7792022824287415, 0.7791630029678345, 0.7791218161582947, 0.7790945172309875, 0.7790685892105103, 0.7790557742118835, 0.7790475487709045, 0.7790457010269165, 0.7790473699569702, 0.7790549993515015], "val_loss": [0.030362123623490334, 0.029952501878142357, 0.02956267073750496, 0.029207896441221237, 0.028883906081318855, 0.02857990190386772, 0.028292041271924973, 0.02801773138344288, 0.027753014117479324, 0.02749890834093094], "val_mse": [0.08505236357450485, 0.08502043038606644, 0.08501163125038147, 0.08502349257469177, 0.08505214005708694, 0.08509619534015656, 0.08515468239784241, 0.0852271020412445, 0.08531448245048523, 0.0854167714715004], "val_cosine_similarity": [0.02600308135151863, 0.027068285271525383, 0.027747953310608864, 0.028408944606781006, 0.029073214158415794, 0.02971729077398777, 0.030353551730513573, 0.030990159139037132, 0.03161663934588432, 0.032224323600530624], "val_mae": [0.21707507967948914, 0.21702861785888672, 0.21702295541763306, 0.2170504927635193, 0.217107355594635, 0.2171906679868698, 0.21729862689971924, 0.21742936968803406, 0.21758373081684113, 0.2177627682685852]}