{"loss": [0.9920769333839417, 1.013890266418457, 0.9977204203605652, 0.9795421361923218, 0.9665791988372803, 0.9595953226089478, 0.9572744965553284, 0.9567117094993591, 0.9566076397895813, 0.9565966725349426, 0.9565582275390625, 0.9565709233283997, 0.9565950632095337, 0.9566113352775574, 0.9566137790679932, 0.9565526247024536, 0.9565811157226562, 0.9566035866737366, 0.9565954804420471, 0.9565821290016174], "mse": [0.9960609674453735, 1.019121527671814, 1.0035711526870728, 0.9861510396003723, 0.9740950465202332, 0.9679518342018127, 0.9660084843635559, 0.9655470848083496, 0.9654524922370911, 0.9654296040534973, 0.9654054641723633, 0.9654163718223572, 0.9654368162155151, 0.9654459357261658, 0.965451180934906, 0.9654042720794678, 0.9654197096824646, 0.9654399752616882, 0.9654306769371033, 0.9654188752174377], "cosine_similarity": [0.03984186798334122, 0.05231214687228203, 0.05850711837410927, 0.06608931720256805, 0.07515931129455566, 0.0835651159286499, 0.08734078705310822, 0.08835382014513016, 0.0884474441409111, 0.08832789212465286, 0.08847175538539886, 0.08845381438732147, 0.08841690421104431, 0.08834582567214966, 0.08837267011404037, 0.08851685374975204, 0.08838595449924469, 0.08836370706558228, 0.0883524939417839, 0.08836878091096878], "mae": [0.7875494360923767, 0.7965011596679688, 0.7901975512504578, 0.7831505537033081, 0.7782972455024719, 0.7758844494819641, 0.7751813530921936, 0.7750478982925415, 0.7750377655029297, 0.7750447988510132, 0.775041937828064, 0.775048017501831, 0.775055468082428, 0.7750644683837891, 0.7750626802444458, 0.7750441431999207, 0.7750526666641235, 0.7750623822212219, 0.7750527262687683, 0.775054931640625], "val_loss": [0.13080202043056488, 0.1251867711544037, 0.10366437584161758, 0.08585889637470245, 0.07399474829435349, 0.06815239787101746, 0.06620767712593079, 0.06562266498804092, 0.06543683260679245, 0.06531569361686707, 0.06516508013010025, 0.06515602767467499, 0.06519587337970734, 0.06512918323278427, 0.06504783034324646, 0.06522205471992493, 0.06528475135564804, 0.06520958989858627, 0.06518619507551193, 0.06514977663755417], "val_mse": [0.1410367637872696, 0.13656513392925262, 0.11646345257759094, 0.10046805441379547, 0.09063658118247986, 0.08616870641708374, 0.08462527394294739, 0.08409912139177322, 0.08389557152986526, 0.08380701392889023, 0.08368805050849915, 0.08366033434867859, 0.08366038650274277, 0.0836382508277893, 0.0835893452167511, 0.08368124812841415, 0.08373658359050751, 0.08367748558521271, 0.08369381725788116, 0.08363910764455795], "val_cosine_similarity": [0.1023474857211113, 0.11378365755081177, 0.12799081206321716, 0.14609158039093018, 0.16641826927661896, 0.18016317486763, 0.18417590856552124, 0.1847645789384842, 0.18458735942840576, 0.18491309881210327, 0.18522962927818298, 0.18504303693771362, 0.18464505672454834, 0.18509063124656677, 0.18541517853736877, 0.18459194898605347, 0.18451827764511108, 0.18467889726161957, 0.18507619202136993, 0.18489331007003784], "val_mae": [0.28943392634391785, 0.28415772318840027, 0.2598450779914856, 0.238718181848526, 0.2247638702392578, 0.2182941436767578, 0.21610385179519653, 0.21531574428081512, 0.21497417986392975, 0.21480907499790192, 0.21461573243141174, 0.2145874798297882, 0.21458658576011658, 0.21454349160194397, 0.21443584561347961, 0.21458427608013153, 0.2146754115819931, 0.2146291583776474, 0.21458256244659424, 0.21455925703048706]}