{"loss": [0.2942180931568146, 0.33098387718200684, 0.28758540749549866, 0.2487330436706543, 0.23445618152618408, 0.23324692249298096, 0.23293660581111908, 0.23289155960083008, 0.23289845883846283, 0.23291946947574615, 0.23296160995960236, 0.23290777206420898, 0.23293794691562653, 0.23292826116085052, 0.2328997105360031, 0.23289965093135834, 0.23285049200057983, 0.23288553953170776, 0.23284663259983063, 0.2328663319349289], "mse": [0.2968510687351227, 0.33486467599868774, 0.29211053252220154, 0.25494033098220825, 0.242696151137352, 0.24173510074615479, 0.2415669709444046, 0.24151252210140228, 0.2415047138929367, 0.24152560532093048, 0.2415221631526947, 0.24152471125125885, 0.2415229082107544, 0.2415221929550171, 0.2415074110031128, 0.24150945246219635, 0.24149757623672485, 0.24150563776493073, 0.24148501455783844, 0.24150089919567108], "cosine_similarity": [0.02632981352508068, 0.0388074591755867, 0.04525093734264374, 0.062073130160570145, 0.08239977061748505, 0.08488187938928604, 0.08630364388227463, 0.08620953559875488, 0.08606275171041489, 0.08606162667274475, 0.085605688393116, 0.0861690416932106, 0.08584943413734436, 0.08593933284282684, 0.08607717603445053, 0.08609800040721893, 0.0864705890417099, 0.08620092272758484, 0.08638401329517365, 0.08634524047374725], "mae": [0.43017032742500305, 0.4582732021808624, 0.4272285997867584, 0.3984276354312897, 0.3884906470775604, 0.38775634765625, 0.38764020800590515, 0.3876090347766876, 0.38761162757873535, 0.38761627674102783, 0.38763606548309326, 0.38762718439102173, 0.38762614130973816, 0.38762223720550537, 0.38760894536972046, 0.3876143991947174, 0.38759973645210266, 0.3876112699508667, 0.3875984847545624, 0.3876093626022339], "val_loss": [0.11661312729120255, 0.08886878937482834, 0.039710551500320435, 0.01010347343981266, 0.003979980014264584, 0.0028899521566927433, 0.002768009901046753, 0.0025627645663917065, 0.0024832100607454777, 0.002596302656456828, 0.0025894781574606895, 0.0028150277212262154, 0.002609865739941597, 0.002624250715598464, 0.0025539803318679333, 0.0026423875242471695, 0.0027311090379953384, 0.002523481845855713, 0.0025293100625276566, 0.0025300756096839905], "val_mse": [0.12378093600273132, 0.09707172214984894, 0.04999582841992378, 0.025481300428509712, 0.02192082442343235, 0.02136358432471752, 0.021190552040934563, 0.021083619445562363, 0.021055154502391815, 0.02107633836567402, 0.02108839340507984, 0.021160047501325607, 0.021086545661091805, 0.021090969443321228, 0.021074848249554634, 0.02111196331679821, 0.021114811301231384, 0.021065635606646538, 0.021057642996311188, 0.021054329350590706], "val_cosine_similarity": [0.07167813181877136, 0.0820293053984642, 0.10285279154777527, 0.1537782847881317, 0.17940841615200043, 0.18473632633686066, 0.1842254251241684, 0.1852085441350937, 0.18571943044662476, 0.18480034172534943, 0.18498915433883667, 0.18345020711421967, 0.18476681411266327, 0.1846671849489212, 0.18520867824554443, 0.18469573557376862, 0.18383705615997314, 0.18542155623435974, 0.18528331816196442, 0.18524253368377686], "val_mae": [0.28047627210617065, 0.24849380552768707, 0.17705044150352478, 0.12182783335447311, 0.10998491197824478, 0.10866832733154297, 0.10812700539827347, 0.10775724053382874, 0.10776697099208832, 0.10777029395103455, 0.10785150527954102, 0.10810092836618423, 0.10786659270524979, 0.10783150047063828, 0.10772412270307541, 0.10789693892002106, 0.10797422379255295, 0.10772697627544403, 0.10774166136980057, 0.10776636749505997]}