{"loss": [0.9852674603462219, 1.0046571493148804, 0.9943071603775024, 0.98044353723526, 0.9695088863372803, 0.961908757686615, 0.958295464515686, 0.9570176005363464, 0.9567956328392029, 0.956612229347229], "mse": [0.9902682304382324, 1.010809063911438, 1.0009347200393677, 0.9875673651695251, 0.9772027730941772, 0.9701681733131409, 0.9669284820556641, 0.9658128023147583, 0.9656111598014832, 0.9654542803764343], "cosine_similarity": [0.05000821501016617, 0.06151915341615677, 0.06627604365348816, 0.07123766094446182, 0.0769396498799324, 0.08259368687868118, 0.08632947504520416, 0.08795168250799179, 0.08815524727106094, 0.08842084556818008], "mae": [0.7852511405944824, 0.7932845950126648, 0.7892513871192932, 0.7838127613067627, 0.7796057462692261, 0.7767886519432068, 0.775540828704834, 0.7751327753067017, 0.7750765681266785, 0.7750360369682312], "val_loss": [0.12172453105449677, 0.12016742676496506, 0.10433637350797653, 0.08999044448137283, 0.07836677879095078, 0.07104375958442688, 0.06752938032150269, 0.06615258008241653, 0.06544887274503708, 0.06540746986865997], "val_mse": [0.13378728926181793, 0.13314740359783173, 0.11837064474821091, 0.10518374294042587, 0.09485979378223419, 0.08869373053312302, 0.08576545864343643, 0.08458468317985535, 0.08400753140449524, 0.08390171080827713], "val_cosine_similarity": [0.12062757462263107, 0.12979979813098907, 0.14034269750118256, 0.15193304419517517, 0.16493001580238342, 0.17649975419044495, 0.18236079812049866, 0.1843210607767105, 0.18558654189109802, 0.18494243919849396], "val_mae": [0.2850668728351593, 0.28384867310523987, 0.2646053433418274, 0.2464609593153, 0.23155741393566132, 0.22231131792068481, 0.21787391602993011, 0.21604634821414948, 0.21509414911270142, 0.21495459973812103]}