{"loss": [1.032057285308838, 0.9613465666770935, 0.9528293013572693, 0.9522625803947449, 0.9517958760261536, 0.9516011476516724, 0.9511337280273438, 0.9512366652488708, 0.9509985446929932, 0.9511373043060303, 0.9510359764099121, 0.9508340358734131, 0.9507479071617126, 0.9509297609329224, 0.9506414532661438, 0.9506972432136536, 0.9506209492683411, 0.9504808783531189, 0.9505767822265625, 0.9503504633903503], 
    "mse": [1.039000153541565, 0.9704133868217468, 0.9629490375518799, 0.9626338481903076, 0.9622975587844849, 0.962120771408081, 0.961747944355011, 0.9618532061576843, 0.9616900682449341, 0.9617872834205627, 0.9617099165916443, 0.9615466594696045, 0.9615055322647095, 0.9616536498069763, 0.9613975286483765, 0.9614660739898682, 0.961407482624054, 0.9613062739372253, 0.9613723754882812, 0.9612046480178833], 
    "cosine_similarity": [0.06942950189113617, 0.09066895395517349, 0.10119859874248505, 0.10371214896440506, 0.10501600801944733, 0.10519670695066452, 0.10614197701215744, 0.1061655580997467, 0.10691557824611664, 0.1064993217587471, 0.10673945397138596, 0.10712601989507675, 0.10757676512002945, 0.1072385162115097, 0.10756057500839233, 0.10768777132034302, 0.10786603391170502, 0.1082548275589943, 0.1079568862915039, 0.10854211449623108], 
    "mae": [0.8037508130073547, 0.776497483253479, 0.773459792137146, 0.7733879685401917, 0.7732309103012085, 0.7730819582939148, 0.7730394601821899, 0.7730569243431091, 0.7729525566101074, 0.7730693817138672, 0.7729900479316711, 0.7729778289794922, 0.7729435563087463, 0.773023784160614, 0.7728749513626099, 0.7728574275970459, 0.7729296088218689, 0.7728093266487122, 0.7728853225708008, 0.7728120684623718], 
    "val_loss": [0.15113621950149536, 0.10985852032899857, 0.10821056365966797, 0.1077081710100174, 0.1067596971988678, 0.10707490891218185, 0.10636349022388458, 0.10643696039915085, 0.1061687245965004, 0.10659576207399368, 0.1064605787396431, 0.10586817562580109, 0.10673687607049942, 0.10630180686712265, 0.1067466139793396, 0.10614561289548874, 0.10631410777568817, 0.10631629824638367, 0.10631126165390015, 0.10650750249624252], 
    "val_mse": [0.16951435804367065, 0.12791341543197632, 0.12851393222808838, 0.12818077206611633, 0.12735134363174438, 0.12755511701107025, 0.1269519031047821, 0.1270987093448639, 0.1267862468957901, 0.1272139698266983, 0.12699006497859955, 0.12657617032527924, 0.1272915154695511, 0.12694796919822693, 0.1273811012506485, 0.12677904963493347, 0.12699870765209198, 0.126926988363266, 0.1269260048866272, 0.12711581587791443], 
    "val_cosine_similarity": [0.18378132581710815, 0.18054886162281036, 0.20303359627723694, 0.20472601056098938, 0.20591646432876587, 0.20480212569236755, 0.20588418841362, 0.2066175639629364, 0.20617519319057465, 0.20618221163749695, 0.20529495179653168, 0.20708000659942627, 0.2055463194847107, 0.20646177232265472, 0.2063448131084442, 0.20633439719676971, 0.20684580504894257, 0.20610685646533966, 0.20614726841449738, 0.20608322322368622], 
    "val_mae": [0.3117377758026123, 0.2634563744068146, 0.262645423412323, 0.2632332742214203, 0.26207756996154785, 0.26248303055763245, 0.26169389486312866, 0.2617550790309906, 0.26134344935417175, 0.2618909180164337, 0.2618299424648285, 0.2611492872238159, 0.2619597315788269, 0.26147404313087463, 0.2619084417819977, 0.26150795817375183, 0.26169541478157043, 0.2613206207752228, 0.2618198096752167, 0.26176270842552185]}